[ {
  "date" : "20160831",
  "segments" : [ {
    "type" : "place",
    "startTime" : "20160831T094358+0100",
    "endTime" : "20160831T095031+0100",
    "place" : {
      "id" : 510253707,
      "type" : "unknown",
      "location" : {
        "lat" : 55.926374,
        "lon" : -3.2505118
      }
    },
    "lastUpdate" : "20160831T091056Z"
  }, {
    "type" : "place",
    "startTime" : "20160831T100727+0100",
    "endTime" : "20160831T123439+0100",
    "place" : {
      "id" : 510267390,
      "name" : "Work",
      "type" : "work",
      "location" : {
        "lat" : 55.94838400000001,
        "lon" : -3.1842278999999998
      }
    },
    "lastUpdate" : "20180618T133439Z"
  }, {
    "type" : "place",
    "startTime" : "20160831T123916+0100",
    "endTime" : "20160831T124250+0100",
    "place" : {
      "id" : 510267390,
      "name" : "Work",
      "type" : "work",
      "location" : {
        "lat" : 55.94838400000001,
        "lon" : -3.1842278999999998
      }
    },
    "lastUpdate" : "20180618T133439Z"
  }, {
    "type" : "place",
    "startTime" : "20160831T124734+0100",
    "endTime" : "20160831T204237+0100",
    "place" : {
      "id" : 510267390,
      "name" : "Work",
      "type" : "work",
      "location" : {
        "lat" : 55.94838400000001,
        "lon" : -3.1842278999999998
      }
    },
    "lastUpdate" : "20180618T133439Z"
  }, {
    "type" : "place",
    "startTime" : "20160831T210236+0100",
    "endTime" : "20160901T095943+0100",
    "place" : {
      "id" : 510587786,
      "type" : "unknown",
      "location" : {
        "lat" : 55.926292,
        "lon" : -3.2509906
      }
    },
    "lastUpdate" : "20160901T094641Z"
  } ],
  "lastUpdate" : "20180618T133439Z"
} ]