[ {
  "date" : "20160901",
  "segments" : [ {
    "type" : "place",
    "startTime" : "20160831T210236+0100",
    "endTime" : "20160901T095943+0100",
    "place" : {
      "id" : 510587786,
      "type" : "unknown",
      "location" : {
        "lat" : 55.926292,
        "lon" : -3.2509906
      }
    },
    "lastUpdate" : "20160901T094641Z"
  }, {
    "type" : "place",
    "startTime" : "20160901T101553+0100",
    "endTime" : "20160901T190745+0100",
    "place" : {
      "id" : 510267390,
      "name" : "Work",
      "type" : "work",
      "location" : {
        "lat" : 55.94838400000001,
        "lon" : -3.1842278999999998
      }
    },
    "lastUpdate" : "20180618T133439Z"
  }, {
    "type" : "place",
    "startTime" : "20160901T192752+0100",
    "endTime" : "20160901T205939+0100",
    "place" : {
      "id" : 510587786,
      "type" : "unknown",
      "location" : {
        "lat" : 55.926292,
        "lon" : -3.2509906
      }
    },
    "lastUpdate" : "20160901T212818Z"
  }, {
    "type" : "place",
    "startTime" : "20160901T210459+0100",
    "endTime" : "20160901T222419+0100",
    "place" : {
      "id" : 511167123,
      "type" : "unknown",
      "location" : {
        "lat" : 55.923153,
        "lon" : -3.2342842
      }
    },
    "lastUpdate" : "20160901T214426Z"
  }, {
    "type" : "place",
    "startTime" : "20160901T222714+0100",
    "endTime" : "20160902T031437+0100",
    "place" : {
      "id" : 510587786,
      "type" : "unknown",
      "location" : {
        "lat" : 55.926292,
        "lon" : -3.2509906
      }
    },
    "lastUpdate" : "20160902T021441Z"
  } ],
  "lastUpdate" : "20180618T133439Z"
}, {
  "date" : "20160902",
  "segments" : [ {
    "type" : "place",
    "startTime" : "20160901T222714+0100",
    "endTime" : "20160902T031437+0100",
    "place" : {
      "id" : 510587786,
      "type" : "unknown",
      "location" : {
        "lat" : 55.926292,
        "lon" : -3.2509906
      }
    },
    "lastUpdate" : "20160902T021441Z"
  } ],
  "lastUpdate" : "20160902T021441Z"
} ]