[ {
  "date" : "20160831",
  "summary" : [ {
    "activity" : "walking",
    "group" : "walking",
    "duration" : 1385.0,
    "distance" : 1262.0,
    "steps" : 1830
  }, {
    "activity" : "cycling",
    "group" : "cycling",
    "duration" : 2214.0,
    "distance" : 12299.0
  } ],
  "segments" : [ {
    "type" : "place",
    "startTime" : "20160831T094358+0100",
    "endTime" : "20160831T095031+0100",
    "activities" : [ {
      "activity" : "walking",
      "group" : "walking",
      "manual" : false,
      "startTime" : "20160831T094645+0100",
      "endTime" : "20160831T094712+0100",
      "duration" : 27.0,
      "distance" : 20.0,
      "steps" : 40
    } ],
    "lastUpdate" : "20160831T091056Z"
  }, {
    "type" : "move",
    "startTime" : "20160831T095031+0100",
    "endTime" : "20160831T100727+0100",
    "activities" : [ {
      "activity" : "cycling",
      "group" : "cycling",
      "manual" : false,
      "startTime" : "20160831T095031+0100",
      "endTime" : "20160831T100727+0100",
      "duration" : 1016.0,
      "distance" : 6011.0
    } ],
    "lastUpdate" : "20160831T094628Z"
  }, {
    "type" : "place",
    "startTime" : "20160831T100727+0100",
    "endTime" : "20160831T123439+0100",
    "activities" : [ {
      "activity" : "walking",
      "group" : "walking",
      "manual" : false,
      "startTime" : "20160831T101017+0100",
      "endTime" : "20160831T101209+0100",
      "duration" : 112.0,
      "distance" : 84.0,
      "steps" : 168
    }, {
      "activity" : "walking",
      "group" : "walking",
      "manual" : false,
      "startTime" : "20160831T114454+0100",
      "endTime" : "20160831T114627+0100",
      "duration" : 93.0,
      "distance" : 56.0,
      "steps" : 112
    } ],
    "lastUpdate" : "20180618T133439Z"
  }, {
    "type" : "move",
    "startTime" : "20160831T123439+0100",
    "endTime" : "20160831T123916+0100",
    "activities" : [ {
      "activity" : "walking",
      "group" : "walking",
      "manual" : false,
      "startTime" : "20160831T123439+0100",
      "endTime" : "20160831T123915+0100",
      "duration" : 276.0,
      "distance" : 223.0,
      "steps" : 446
    } ],
    "lastUpdate" : "20160831T114540Z"
  }, {
    "type" : "place",
    "startTime" : "20160831T123916+0100",
    "endTime" : "20160831T124250+0100",
    "activities" : [ {
      "activity" : "walking",
      "group" : "walking",
      "manual" : false,
      "startTime" : "20160831T124109+0100",
      "endTime" : "20160831T124136+0100",
      "duration" : 27.0,
      "distance" : 20.0,
      "steps" : 40
    } ],
    "lastUpdate" : "20180618T133439Z"
  }, {
    "type" : "move",
    "startTime" : "20160831T124250+0100",
    "endTime" : "20160831T124734+0100",
    "activities" : [ {
      "activity" : "walking",
      "group" : "walking",
      "manual" : false,
      "startTime" : "20160831T124250+0100",
      "endTime" : "20160831T124734+0100",
      "duration" : 284.0,
      "distance" : 402.0,
      "steps" : 429
    } ],
    "lastUpdate" : "20160831T154802Z"
  }, {
    "type" : "place",
    "startTime" : "20160831T124734+0100",
    "endTime" : "20160831T204237+0100",
    "activities" : [ {
      "activity" : "walking",
      "group" : "walking",
      "manual" : false,
      "startTime" : "20160831T135335+0100",
      "endTime" : "20160831T135355+0100",
      "duration" : 20.0,
      "distance" : 15.0,
      "steps" : 30
    }, {
      "activity" : "walking",
      "group" : "walking",
      "manual" : false,
      "startTime" : "20160831T151311+0100",
      "endTime" : "20160831T151416+0100",
      "duration" : 65.0,
      "distance" : 41.0,
      "steps" : 83
    }, {
      "activity" : "walking",
      "group" : "walking",
      "manual" : false,
      "startTime" : "20160831T171231+0100",
      "endTime" : "20160831T171303+0100",
      "duration" : 32.0,
      "distance" : 17.0,
      "steps" : 34
    }, {
      "activity" : "walking",
      "group" : "walking",
      "manual" : false,
      "startTime" : "20160831T203828+0100",
      "endTime" : "20160831T204117+0100",
      "duration" : 169.0,
      "distance" : 127.0,
      "steps" : 161
    } ],
    "lastUpdate" : "20180618T133439Z"
  }, {
    "type" : "move",
    "startTime" : "20160831T204237+0100",
    "endTime" : "20160831T210235+0100",
    "activities" : [ {
      "activity" : "cycling",
      "group" : "cycling",
      "manual" : false,
      "startTime" : "20160831T204237+0100",
      "endTime" : "20160831T210235+0100",
      "duration" : 1198.0,
      "distance" : 6288.0
    } ],
    "lastUpdate" : "20160831T201541Z"
  }, {
    "type" : "place",
    "startTime" : "20160831T210236+0100",
    "endTime" : "20160901T095943+0100",
    "activities" : [ {
      "activity" : "walking",
      "group" : "walking",
      "manual" : false,
      "startTime" : "20160831T210350+0100",
      "endTime" : "20160831T210553+0100",
      "duration" : 123.0,
      "distance" : 139.0,
      "steps" : 185
    }, {
      "activity" : "walking",
      "group" : "walking",
      "manual" : false,
      "startTime" : "20160831T220809+0100",
      "endTime" : "20160831T221046+0100",
      "duration" : 157.0,
      "distance" : 118.0,
      "steps" : 102
    } ],
    "lastUpdate" : "20160901T094641Z"
  } ],
  "lastUpdate" : "20180618T133439Z"
}, {
  "date" : "20160901",
  "summary" : [ {
    "activity" : "walking",
    "group" : "walking",
    "duration" : 383.0,
    "distance" : 297.0,
    "steps" : 597
  }, {
    "activity" : "cycling",
    "group" : "cycling",
    "duration" : 2176.0,
    "distance" : 12122.0
  }, {
    "activity" : "transport",
    "group" : "transport",
    "duration" : 494.0,
    "distance" : 2950.0
  } ],
  "segments" : [ {
    "type" : "place",
    "startTime" : "20160831T210236+0100",
    "endTime" : "20160901T095943+0100",
    "activities" : [ {
      "activity" : "walking",
      "group" : "walking",
      "manual" : false,
      "startTime" : "20160901T090236+0100",
      "endTime" : "20160901T090349+0100",
      "duration" : 73.0,
      "distance" : 47.0,
      "steps" : 95
    } ],
    "lastUpdate" : "20160901T094641Z"
  }, {
    "type" : "move",
    "startTime" : "20160901T095943+0100",
    "endTime" : "20160901T101553+0100",
    "activities" : [ {
      "activity" : "cycling",
      "group" : "cycling",
      "manual" : false,
      "startTime" : "20160901T095943+0100",
      "endTime" : "20160901T101553+0100",
      "duration" : 970.0,
      "distance" : 5907.0
    } ],
    "lastUpdate" : "20160901T094641Z"
  }, {
    "type" : "place",
    "startTime" : "20160901T101553+0100",
    "endTime" : "20160901T190745+0100",
    "activities" : [ {
      "activity" : "walking",
      "group" : "walking",
      "manual" : false,
      "startTime" : "20160901T101845+0100",
      "endTime" : "20160901T101918+0100",
      "duration" : 33.0,
      "distance" : 25.0,
      "steps" : 50
    }, {
      "activity" : "walking",
      "group" : "walking",
      "manual" : false,
      "startTime" : "20160901T171925+0100",
      "endTime" : "20160901T172024+0100",
      "duration" : 59.0,
      "distance" : 51.0,
      "steps" : 102
    }, {
      "activity" : "walking",
      "group" : "walking",
      "manual" : false,
      "startTime" : "20160901T190617+0100",
      "endTime" : "20160901T190716+0100",
      "duration" : 59.0,
      "distance" : 56.0,
      "steps" : 112
    } ],
    "lastUpdate" : "20180618T133439Z"
  }, {
    "type" : "move",
    "startTime" : "20160901T190745+0100",
    "endTime" : "20160901T192752+0100",
    "activities" : [ {
      "activity" : "cycling",
      "group" : "cycling",
      "manual" : false,
      "startTime" : "20160901T190745+0100",
      "endTime" : "20160901T192751+0100",
      "duration" : 1206.0,
      "distance" : 6215.0
    } ],
    "lastUpdate" : "20160901T190811Z"
  }, {
    "type" : "place",
    "startTime" : "20160901T192752+0100",
    "endTime" : "20160901T205939+0100",
    "activities" : [ {
      "activity" : "walking",
      "group" : "walking",
      "manual" : false,
      "startTime" : "20160901T192919+0100",
      "endTime" : "20160901T192939+0100",
      "duration" : 20.0,
      "distance" : 15.0,
      "steps" : 30
    }, {
      "activity" : "walking",
      "group" : "walking",
      "manual" : false,
      "startTime" : "20160901T203313+0100",
      "endTime" : "20160901T203429+0100",
      "duration" : 76.0,
      "distance" : 56.0,
      "steps" : 113
    } ],
    "lastUpdate" : "20160901T212818Z"
  }, {
    "type" : "move",
    "startTime" : "20160901T205939+0100",
    "endTime" : "20160901T210459+0100",
    "activities" : [ {
      "activity" : "transport",
      "group" : "transport",
      "manual" : false,
      "startTime" : "20160901T205939+0100",
      "endTime" : "20160901T210459+0100",
      "duration" : 320.0,
      "distance" : 1649.0
    } ],
    "lastUpdate" : "20160901T212818Z"
  }, {
    "type" : "place",
    "startTime" : "20160901T210459+0100",
    "endTime" : "20160901T222419+0100",
    "activities" : [ {
      "activity" : "walking",
      "group" : "walking",
      "manual" : false,
      "startTime" : "20160901T210640+0100",
      "endTime" : "20160901T210659+0100",
      "duration" : 19.0,
      "distance" : 15.0,
      "steps" : 30
    } ],
    "lastUpdate" : "20160901T214426Z"
  }, {
    "type" : "move",
    "startTime" : "20160901T222419+0100",
    "endTime" : "20160901T222713+0100",
    "activities" : [ {
      "activity" : "transport",
      "group" : "transport",
      "manual" : false,
      "startTime" : "20160901T222419+0100",
      "endTime" : "20160901T222713+0100",
      "duration" : 174.0,
      "distance" : 1301.0
    } ],
    "lastUpdate" : "20160901T214426Z"
  }, {
    "type" : "place",
    "startTime" : "20160901T222714+0100",
    "endTime" : "20160902T031437+0100",
    "activities" : [ {
      "activity" : "walking",
      "group" : "walking",
      "manual" : false,
      "startTime" : "20160901T222932+0100",
      "endTime" : "20160901T222951+0100",
      "duration" : 19.0,
      "distance" : 15.0,
      "steps" : 30
    }, {
      "activity" : "walking",
      "group" : "walking",
      "manual" : false,
      "startTime" : "20160901T230101+0100",
      "endTime" : "20160901T230126+0100",
      "duration" : 25.0,
      "distance" : 17.0,
      "steps" : 35
    } ],
    "lastUpdate" : "20160902T021441Z"
  } ],
  "lastUpdate" : "20180618T133439Z"
}, {
  "date" : "20160902",
  "summary" : [ {
    "activity" : "walking",
    "group" : "walking",
    "duration" : 29.0,
    "distance" : 14.0,
    "steps" : 20
  } ],
  "segments" : [ {
    "type" : "place",
    "startTime" : "20160901T222714+0100",
    "endTime" : "20160902T031437+0100",
    "activities" : [ {
      "activity" : "walking",
      "group" : "walking",
      "manual" : false,
      "startTime" : "20160902T004143+0100",
      "endTime" : "20160902T004212+0100",
      "duration" : 29.0,
      "distance" : 14.0,
      "steps" : 20
    } ],
    "lastUpdate" : "20160902T021441Z"
  } ],
  "lastUpdate" : "20160902T021441Z"
} ]