[ {
  "date" : "20180619",
  "segments" : [ {
    "type" : "place",
    "startTime" : "20180618T195037+0100",
    "endTime" : "20180619T095615+0100",
    "place" : {
      "id" : 787103581,
      "name" : "Home",
      "type" : "home",
      "location" : {
        "lat" : 55.93449111680904,
        "lon" : -3.228312634811668
      }
    },
    "lastUpdate" : "20180619T100046Z"
  }, {
    "type" : "place",
    "startTime" : "20180619T100941+0100",
    "endTime" : "20180619T130416+0100",
    "place" : {
      "id" : 510267390,
      "name" : "Work",
      "type" : "work",
      "location" : {
        "lat" : 55.94838400000001,
        "lon" : -3.1842278999999998
      }
    },
    "lastUpdate" : "20180619T121648Z"
  }, {
    "type" : "place",
    "startTime" : "20180619T130902+0100",
    "endTime" : "20180619T132633+0100",
    "place" : {
      "id" : 787221300,
      "type" : "unknown",
      "location" : {
        "lat" : 55.946014,
        "lon" : -3.1851943
      }
    },
    "lastUpdate" : "20180619T140841Z"
  }, {
    "type" : "place",
    "startTime" : "20180619T133315+0100",
    "endTime" : "20180619T165153+0100",
    "place" : {
      "id" : 510267390,
      "name" : "Work",
      "type" : "work",
      "location" : {
        "lat" : 55.94838400000001,
        "lon" : -3.1842278999999998
      }
    },
    "lastUpdate" : "20180619T172347Z"
  }, {
    "type" : "place",
    "startTime" : "20180619T170337+0100",
    "endTime" : "20180619T175454+0100",
    "place" : {
      "id" : 787279380,
      "type" : "unknown",
      "location" : {
        "lat" : 55.955484,
        "lon" : -3.186982
      }
    },
    "lastUpdate" : "20180619T172347Z"
  }, {
    "type" : "place",
    "startTime" : "20180619T175756+0100",
    "endTime" : "20180619T180623+0100",
    "place" : {
      "id" : 787279381,
      "type" : "unknown",
      "location" : {
        "lat" : 55.956047,
        "lon" : -3.1870993
      }
    },
    "lastUpdate" : "20180619T175327Z"
  }, {
    "type" : "place",
    "startTime" : "20180619T183813+0100",
    "endTime" : "20180620T103857+0100",
    "place" : {
      "id" : 787103581,
      "name" : "Home",
      "type" : "home",
      "location" : {
        "lat" : 55.93449111680904,
        "lon" : -3.228312634811668
      }
    },
    "lastUpdate" : "20180620T104020Z"
  } ],
  "lastUpdate" : "20180620T104020Z"
} ]