[ {
  "date" : "20160831",
  "summary" : [ {
    "activity" : "walking",
    "group" : "walking",
    "duration" : 1385.0,
    "distance" : 1262.0,
    "steps" : 1830
  }, {
    "activity" : "cycling",
    "group" : "cycling",
    "duration" : 2214.0,
    "distance" : 12299.0
  } ],
  "segments" : [ {
    "type" : "place",
    "startTime" : "20160831T094358+0100",
    "endTime" : "20160831T095031+0100",
    "activities" : [ {
      "activity" : "walking",
      "group" : "walking",
      "manual" : false,
      "startTime" : "20160831T094645+0100",
      "endTime" : "20160831T094712+0100",
      "duration" : 27.0,
      "distance" : 20.0,
      "steps" : 40
    } ],
    "lastUpdate" : "20160831T091056Z"
  }, {
    "type" : "move",
    "startTime" : "20160831T095031+0100",
    "endTime" : "20160831T100727+0100",
    "activities" : [ {
      "activity" : "cycling",
      "group" : "cycling",
      "manual" : false,
      "startTime" : "20160831T095031+0100",
      "endTime" : "20160831T100727+0100",
      "duration" : 1016.0,
      "distance" : 6011.0
    } ],
    "lastUpdate" : "20160831T094628Z"
  }, {
    "type" : "place",
    "startTime" : "20160831T100727+0100",
    "endTime" : "20160831T123439+0100",
    "activities" : [ {
      "activity" : "walking",
      "group" : "walking",
      "manual" : false,
      "startTime" : "20160831T101017+0100",
      "endTime" : "20160831T101209+0100",
      "duration" : 112.0,
      "distance" : 84.0,
      "steps" : 168
    }, {
      "activity" : "walking",
      "group" : "walking",
      "manual" : false,
      "startTime" : "20160831T114454+0100",
      "endTime" : "20160831T114627+0100",
      "duration" : 93.0,
      "distance" : 56.0,
      "steps" : 112
    } ],
    "lastUpdate" : "20180618T133439Z"
  }, {
    "type" : "move",
    "startTime" : "20160831T123439+0100",
    "endTime" : "20160831T123916+0100",
    "activities" : [ {
      "activity" : "walking",
      "group" : "walking",
      "manual" : false,
      "startTime" : "20160831T123439+0100",
      "endTime" : "20160831T123915+0100",
      "duration" : 276.0,
      "distance" : 223.0,
      "steps" : 446
    } ],
    "lastUpdate" : "20160831T114540Z"
  }, {
    "type" : "place",
    "startTime" : "20160831T123916+0100",
    "endTime" : "20160831T124250+0100",
    "activities" : [ {
      "activity" : "walking",
      "group" : "walking",
      "manual" : false,
      "startTime" : "20160831T124109+0100",
      "endTime" : "20160831T124136+0100",
      "duration" : 27.0,
      "distance" : 20.0,
      "steps" : 40
    } ],
    "lastUpdate" : "20180618T133439Z"
  }, {
    "type" : "move",
    "startTime" : "20160831T124250+0100",
    "endTime" : "20160831T124734+0100",
    "activities" : [ {
      "activity" : "walking",
      "group" : "walking",
      "manual" : false,
      "startTime" : "20160831T124250+0100",
      "endTime" : "20160831T124734+0100",
      "duration" : 284.0,
      "distance" : 402.0,
      "steps" : 429
    } ],
    "lastUpdate" : "20160831T154802Z"
  }, {
    "type" : "place",
    "startTime" : "20160831T124734+0100",
    "endTime" : "20160831T204237+0100",
    "activities" : [ {
      "activity" : "walking",
      "group" : "walking",
      "manual" : false,
      "startTime" : "20160831T135335+0100",
      "endTime" : "20160831T135355+0100",
      "duration" : 20.0,
      "distance" : 15.0,
      "steps" : 30
    }, {
      "activity" : "walking",
      "group" : "walking",
      "manual" : false,
      "startTime" : "20160831T151311+0100",
      "endTime" : "20160831T151416+0100",
      "duration" : 65.0,
      "distance" : 41.0,
      "steps" : 83
    }, {
      "activity" : "walking",
      "group" : "walking",
      "manual" : false,
      "startTime" : "20160831T171231+0100",
      "endTime" : "20160831T171303+0100",
      "duration" : 32.0,
      "distance" : 17.0,
      "steps" : 34
    }, {
      "activity" : "walking",
      "group" : "walking",
      "manual" : false,
      "startTime" : "20160831T203828+0100",
      "endTime" : "20160831T204117+0100",
      "duration" : 169.0,
      "distance" : 127.0,
      "steps" : 161
    } ],
    "lastUpdate" : "20180618T133439Z"
  }, {
    "type" : "move",
    "startTime" : "20160831T204237+0100",
    "endTime" : "20160831T210235+0100",
    "activities" : [ {
      "activity" : "cycling",
      "group" : "cycling",
      "manual" : false,
      "startTime" : "20160831T204237+0100",
      "endTime" : "20160831T210235+0100",
      "duration" : 1198.0,
      "distance" : 6288.0
    } ],
    "lastUpdate" : "20160831T201541Z"
  }, {
    "type" : "place",
    "startTime" : "20160831T210236+0100",
    "endTime" : "20160901T095943+0100",
    "activities" : [ {
      "activity" : "walking",
      "group" : "walking",
      "manual" : false,
      "startTime" : "20160831T210350+0100",
      "endTime" : "20160831T210553+0100",
      "duration" : 123.0,
      "distance" : 139.0,
      "steps" : 185
    }, {
      "activity" : "walking",
      "group" : "walking",
      "manual" : false,
      "startTime" : "20160831T220809+0100",
      "endTime" : "20160831T221046+0100",
      "duration" : 157.0,
      "distance" : 118.0,
      "steps" : 102
    } ],
    "lastUpdate" : "20160901T094641Z"
  } ],
  "lastUpdate" : "20180618T133439Z"
} ]