[ {
  "date" : "20160901",
  "summary" : [ {
    "activity" : "walking",
    "group" : "walking",
    "duration" : 383.0,
    "distance" : 297.0,
    "steps" : 597
  }, {
    "activity" : "cycling",
    "group" : "cycling",
    "duration" : 2176.0,
    "distance" : 12122.0
  }, {
    "activity" : "transport",
    "group" : "transport",
    "duration" : 494.0,
    "distance" : 2950.0
  } ],
  "segments" : [ {
    "type" : "place",
    "startTime" : "20160831T210236+0100",
    "endTime" : "20160901T095943+0100",
    "place" : {
      "id" : 510587786,
      "type" : "unknown",
      "location" : {
        "lat" : 55.926292,
        "lon" : -3.2509906
      }
    },
    "activities" : [ {
      "activity" : "walking",
      "group" : "walking",
      "manual" : false,
      "startTime" : "20160901T090236+0100",
      "endTime" : "20160901T090349+0100",
      "duration" : 73.0,
      "distance" : 47.0,
      "steps" : 95,
      "trackPoints" : [ ]
    } ],
    "lastUpdate" : "20160901T094641Z"
  }, {
    "type" : "move",
    "startTime" : "20160901T095943+0100",
    "endTime" : "20160901T101553+0100",
    "activities" : [ {
      "activity" : "cycling",
      "group" : "cycling",
      "manual" : false,
      "startTime" : "20160901T095943+0100",
      "endTime" : "20160901T101553+0100",
      "duration" : 970.0,
      "distance" : 5907.0,
      "trackPoints" : [ {
        "lat" : 55.926292,
        "lon" : -3.2509906,
        "time" : "20160901T095943+0100"
      }, {
        "lat" : 55.927496,
        "lon" : -3.2485685,
        "time" : "20160901T095959+0100"
      }, {
        "lat" : 55.927497,
        "lon" : -3.248567,
        "time" : "20160901T100000+0100"
      }, {
        "lat" : 55.927565,
        "lon" : -3.2484301,
        "time" : "20160901T100000+0100"
      }, {
        "lat" : 55.92768,
        "lon" : -3.2469743,
        "time" : "20160901T100016+0100"
      }, {
        "lat" : 55.927284,
        "lon" : -3.2456709,
        "time" : "20160901T100031+0100"
      }, {
        "lat" : 55.926855,
        "lon" : -3.2446957,
        "time" : "20160901T100103+0100"
      }, {
        "lat" : 55.926816,
        "lon" : -3.2442804,
        "time" : "20160901T100123+0100"
      }, {
        "lat" : 55.927362,
        "lon" : -3.2429882,
        "time" : "20160901T100158+0100"
      }, {
        "lat" : 55.928932,
        "lon" : -3.2406849,
        "time" : "20160901T100225+0100"
      }, {
        "lat" : 55.931119,
        "lon" : -3.2379936,
        "time" : "20160901T100257+0100"
      }, {
        "lat" : 55.93247,
        "lon" : -3.236499,
        "time" : "20160901T100317+0100"
      }, {
        "lat" : 55.933617,
        "lon" : -3.2345832,
        "time" : "20160901T100338+0100"
      }, {
        "lat" : 55.934536,
        "lon" : -3.2325358,
        "time" : "20160901T100402+0100"
      }, {
        "lat" : 55.935638,
        "lon" : -3.2301862,
        "time" : "20160901T100424+0100"
      }, {
        "lat" : 55.936483,
        "lon" : -3.2283168,
        "time" : "20160901T100441+0100"
      }, {
        "lat" : 55.937626,
        "lon" : -3.2257999,
        "time" : "20160901T100503+0100"
      }, {
        "lat" : 55.938894,
        "lon" : -3.2234791,
        "time" : "20160901T100526+0100"
      }, {
        "lat" : 55.939855,
        "lon" : -3.2208161,
        "time" : "20160901T100600+0100"
      }, {
        "lat" : 55.940255,
        "lon" : -3.2188119,
        "time" : "20160901T100625+0100"
      }, {
        "lat" : 55.940749,
        "lon" : -3.2170997,
        "time" : "20160901T100642+0100"
      }, {
        "lat" : 55.941509,
        "lon" : -3.2152285,
        "time" : "20160901T100659+0100"
      }, {
        "lat" : 55.942262,
        "lon" : -3.2134235,
        "time" : "20160901T100717+0100"
      }, {
        "lat" : 55.943188,
        "lon" : -3.2092236,
        "time" : "20160901T100753+0100"
      }, {
        "lat" : 55.943589,
        "lon" : -3.2080385,
        "time" : "20160901T100812+0100"
      }, {
        "lat" : 55.944504,
        "lon" : -3.2065899,
        "time" : "20160901T100836+0100"
      }, {
        "lat" : 55.945691,
        "lon" : -3.2068059,
        "time" : "20160901T100907+0100"
      }, {
        "lat" : 55.945749,
        "lon" : -3.2059915,
        "time" : "20160901T100922+0100"
      }, {
        "lat" : 55.945815,
        "lon" : -3.2039011,
        "time" : "20160901T100948+0100"
      }, {
        "lat" : 55.945753,
        "lon" : -3.2022557,
        "time" : "20160901T101011+0100"
      }, {
        "lat" : 55.945142,
        "lon" : -3.200719,
        "time" : "20160901T101033+0100"
      }, {
        "lat" : 55.944878,
        "lon" : -3.2002756,
        "time" : "20160901T101051+0100"
      }, {
        "lat" : 55.944858,
        "lon" : -3.2000838,
        "time" : "20160901T101116+0100"
      }, {
        "lat" : 55.944827,
        "lon" : -3.1999785,
        "time" : "20160901T101139+0100"
      }, {
        "lat" : 55.944914,
        "lon" : -3.1992514,
        "time" : "20160901T101204+0100"
      }, {
        "lat" : 55.945148,
        "lon" : -3.1945188,
        "time" : "20160901T101306+0100"
      }, {
        "lat" : 55.946398,
        "lon" : -3.1908988,
        "time" : "20160901T101409+0100"
      }, {
        "lat" : 55.946771,
        "lon" : -3.1906258,
        "time" : "20160901T101429+0100"
      }, {
        "lat" : 55.947324,
        "lon" : -3.1896814,
        "time" : "20160901T101447+0100"
      }, {
        "lat" : 55.947917,
        "lon" : -3.1872826,
        "time" : "20160901T101508+0100"
      }, {
        "lat" : 55.948012,
        "lon" : -3.1864716,
        "time" : "20160901T101530+0100"
      }, {
        "lat" : 55.948384,
        "lon" : -3.1842279,
        "time" : "20160901T101553+0100"
      } ]
    } ],
    "lastUpdate" : "20160901T094641Z"
  }, {
    "type" : "place",
    "startTime" : "20160901T101553+0100",
    "endTime" : "20160901T190745+0100",
    "place" : {
      "id" : 510267390,
      "name" : "Work",
      "type" : "work",
      "location" : {
        "lat" : 55.94838400000001,
        "lon" : -3.1842278999999998
      }
    },
    "activities" : [ {
      "activity" : "walking",
      "group" : "walking",
      "manual" : false,
      "startTime" : "20160901T101845+0100",
      "endTime" : "20160901T101918+0100",
      "duration" : 33.0,
      "distance" : 25.0,
      "steps" : 50,
      "trackPoints" : [ ]
    }, {
      "activity" : "walking",
      "group" : "walking",
      "manual" : false,
      "startTime" : "20160901T171925+0100",
      "endTime" : "20160901T172024+0100",
      "duration" : 59.0,
      "distance" : 51.0,
      "steps" : 102,
      "trackPoints" : [ ]
    }, {
      "activity" : "walking",
      "group" : "walking",
      "manual" : false,
      "startTime" : "20160901T190617+0100",
      "endTime" : "20160901T190716+0100",
      "duration" : 59.0,
      "distance" : 56.0,
      "steps" : 112,
      "trackPoints" : [ ]
    } ],
    "lastUpdate" : "20180618T133439Z"
  }, {
    "type" : "move",
    "startTime" : "20160901T190745+0100",
    "endTime" : "20160901T192752+0100",
    "activities" : [ {
      "activity" : "cycling",
      "group" : "cycling",
      "manual" : false,
      "startTime" : "20160901T190745+0100",
      "endTime" : "20160901T192751+0100",
      "duration" : 1206.0,
      "distance" : 6215.0,
      "trackPoints" : [ {
        "lat" : 55.948384,
        "lon" : -3.1842279,
        "time" : "20160901T190745+0100"
      }, {
        "lat" : 55.948354,
        "lon" : -3.1847936,
        "time" : "20160901T190808+0100"
      }, {
        "lat" : 55.947876,
        "lon" : -3.1863285,
        "time" : "20160901T190842+0100"
      }, {
        "lat" : 55.947216,
        "lon" : -3.1861511,
        "time" : "20160901T190912+0100"
      }, {
        "lat" : 55.947094,
        "lon" : -3.186726,
        "time" : "20160901T190928+0100"
      }, {
        "lat" : 55.94693,
        "lon" : -3.1875099,
        "time" : "20160901T190944+0100"
      }, {
        "lat" : 55.946622,
        "lon" : -3.1882812,
        "time" : "20160901T191001+0100"
      }, {
        "lat" : 55.94611,
        "lon" : -3.1886945,
        "time" : "20160901T191020+0100"
      }, {
        "lat" : 55.945808,
        "lon" : -3.1893672,
        "time" : "20160901T191041+0100"
      }, {
        "lat" : 55.945615,
        "lon" : -3.18973,
        "time" : "20160901T191057+0100"
      }, {
        "lat" : 55.945281,
        "lon" : -3.1905971,
        "time" : "20160901T191114+0100"
      }, {
        "lat" : 55.943781,
        "lon" : -3.1914897,
        "time" : "20160901T191147+0100"
      }, {
        "lat" : 55.942428,
        "lon" : -3.1940717,
        "time" : "20160901T191227+0100"
      }, {
        "lat" : 55.942124,
        "lon" : -3.200213,
        "time" : "20160901T191329+0100"
      }, {
        "lat" : 55.943066,
        "lon" : -3.2020227,
        "time" : "20160901T191404+0100"
      }, {
        "lat" : 55.943648,
        "lon" : -3.2031379,
        "time" : "20160901T191427+0100"
      }, {
        "lat" : 55.943624,
        "lon" : -3.2047371,
        "time" : "20160901T191449+0100"
      }, {
        "lat" : 55.943715,
        "lon" : -3.2060197,
        "time" : "20160901T191509+0100"
      }, {
        "lat" : 55.943424,
        "lon" : -3.2084225,
        "time" : "20160901T191539+0100"
      }, {
        "lat" : 55.943109,
        "lon" : -3.2096308,
        "time" : "20160901T191555+0100"
      }, {
        "lat" : 55.942556,
        "lon" : -3.2116402,
        "time" : "20160901T191611+0100"
      }, {
        "lat" : 55.942309,
        "lon" : -3.2128463,
        "time" : "20160901T191629+0100"
      }, {
        "lat" : 55.941661,
        "lon" : -3.2147858,
        "time" : "20160901T191652+0100"
      }, {
        "lat" : 55.940906,
        "lon" : -3.2167453,
        "time" : "20160901T191717+0100"
      }, {
        "lat" : 55.940251,
        "lon" : -3.2186113,
        "time" : "20160901T191745+0100"
      }, {
        "lat" : 55.939903,
        "lon" : -3.220329,
        "time" : "20160901T191802+0100"
      }, {
        "lat" : 55.939277,
        "lon" : -3.2221567,
        "time" : "20160901T191830+0100"
      }, {
        "lat" : 55.938173,
        "lon" : -3.2237541,
        "time" : "20160901T191853+0100"
      }, {
        "lat" : 55.936549,
        "lon" : -3.2243901,
        "time" : "20160901T191929+0100"
      }, {
        "lat" : 55.935219,
        "lon" : -3.2262657,
        "time" : "20160901T192008+0100"
      }, {
        "lat" : 55.934584,
        "lon" : -3.2271365,
        "time" : "20160901T192031+0100"
      }, {
        "lat" : 55.933488,
        "lon" : -3.2291221,
        "time" : "20160901T192103+0100"
      }, {
        "lat" : 55.933677,
        "lon" : -3.2302591,
        "time" : "20160901T192122+0100"
      }, {
        "lat" : 55.934438,
        "lon" : -3.2315775,
        "time" : "20160901T192137+0100"
      }, {
        "lat" : 55.934568,
        "lon" : -3.2322262,
        "time" : "20160901T192153+0100"
      }, {
        "lat" : 55.934435,
        "lon" : -3.2327559,
        "time" : "20160901T192216+0100"
      }, {
        "lat" : 55.93428,
        "lon" : -3.2333136,
        "time" : "20160901T192234+0100"
      }, {
        "lat" : 55.934131,
        "lon" : -3.233569,
        "time" : "20160901T192249+0100"
      }, {
        "lat" : 55.933764,
        "lon" : -3.2342812,
        "time" : "20160901T192305+0100"
      }, {
        "lat" : 55.932771,
        "lon" : -3.2359422,
        "time" : "20160901T192326+0100"
      }, {
        "lat" : 55.931694,
        "lon" : -3.237308,
        "time" : "20160901T192350+0100"
      }, {
        "lat" : 55.930987,
        "lon" : -3.2381702,
        "time" : "20160901T192410+0100"
      }, {
        "lat" : 55.930233,
        "lon" : -3.2391377,
        "time" : "20160901T192438+0100"
      }, {
        "lat" : 55.929017,
        "lon" : -3.2405438,
        "time" : "20160901T192503+0100"
      }, {
        "lat" : 55.928227,
        "lon" : -3.2412681,
        "time" : "20160901T192519+0100"
      }, {
        "lat" : 55.927134,
        "lon" : -3.2433953,
        "time" : "20160901T192549+0100"
      }, {
        "lat" : 55.926802,
        "lon" : -3.2448588,
        "time" : "20160901T192609+0100"
      }, {
        "lat" : 55.927062,
        "lon" : -3.2459585,
        "time" : "20160901T192634+0100"
      }, {
        "lat" : 55.927382,
        "lon" : -3.2475599,
        "time" : "20160901T192653+0100"
      }, {
        "lat" : 55.92694,
        "lon" : -3.2494677,
        "time" : "20160901T192719+0100"
      }, {
        "lat" : 55.926473,
        "lon" : -3.2503932,
        "time" : "20160901T192735+0100"
      }, {
        "lat" : 55.926292,
        "lon" : -3.2509906,
        "time" : "20160901T192752+0100"
      } ]
    } ],
    "lastUpdate" : "20160901T190811Z"
  }, {
    "type" : "place",
    "startTime" : "20160901T192752+0100",
    "endTime" : "20160901T205939+0100",
    "place" : {
      "id" : 510587786,
      "type" : "unknown",
      "location" : {
        "lat" : 55.926292,
        "lon" : -3.2509906
      }
    },
    "activities" : [ {
      "activity" : "walking",
      "group" : "walking",
      "manual" : false,
      "startTime" : "20160901T192919+0100",
      "endTime" : "20160901T192939+0100",
      "duration" : 20.0,
      "distance" : 15.0,
      "steps" : 30,
      "trackPoints" : [ ]
    }, {
      "activity" : "walking",
      "group" : "walking",
      "manual" : false,
      "startTime" : "20160901T203313+0100",
      "endTime" : "20160901T203429+0100",
      "duration" : 76.0,
      "distance" : 56.0,
      "steps" : 113,
      "trackPoints" : [ ]
    } ],
    "lastUpdate" : "20160901T212818Z"
  }, {
    "type" : "move",
    "startTime" : "20160901T205939+0100",
    "endTime" : "20160901T210459+0100",
    "activities" : [ {
      "activity" : "transport",
      "group" : "transport",
      "manual" : false,
      "startTime" : "20160901T205939+0100",
      "endTime" : "20160901T210459+0100",
      "duration" : 320.0,
      "distance" : 1649.0,
      "trackPoints" : [ {
        "lat" : 55.926292,
        "lon" : -3.2509906,
        "time" : "20160901T205939+0100"
      }, {
        "lat" : 55.92687,
        "lon" : -3.2497048,
        "time" : "20160901T205959+0100"
      }, {
        "lat" : 55.92687,
        "lon" : -3.2497041,
        "time" : "20160901T210000+0100"
      }, {
        "lat" : 55.926874,
        "lon" : -3.2496969,
        "time" : "20160901T210000+0100"
      }, {
        "lat" : 55.927668,
        "lon" : -3.2476907,
        "time" : "20160901T210021+0100"
      }, {
        "lat" : 55.927091,
        "lon" : -3.2464411,
        "time" : "20160901T210044+0100"
      }, {
        "lat" : 55.926872,
        "lon" : -3.2452527,
        "time" : "20160901T210101+0100"
      }, {
        "lat" : 55.926574,
        "lon" : -3.2450709,
        "time" : "20160901T210134+0100"
      }, {
        "lat" : 55.926552,
        "lon" : -3.2450784,
        "time" : "20160901T210153+0100"
      }, {
        "lat" : 55.92485,
        "lon" : -3.2458898,
        "time" : "20160901T210217+0100"
      }, {
        "lat" : 55.924604,
        "lon" : -3.2459533,
        "time" : "20160901T210240+0100"
      }, {
        "lat" : 55.924034,
        "lon" : -3.2450051,
        "time" : "20160901T210308+0100"
      }, {
        "lat" : 55.923409,
        "lon" : -3.2369855,
        "time" : "20160901T210436+0100"
      }, {
        "lat" : 55.923153,
        "lon" : -3.2342842,
        "time" : "20160901T210459+0100"
      } ]
    } ],
    "lastUpdate" : "20160901T212818Z"
  }, {
    "type" : "place",
    "startTime" : "20160901T210459+0100",
    "endTime" : "20160901T222419+0100",
    "place" : {
      "id" : 511167123,
      "type" : "unknown",
      "location" : {
        "lat" : 55.923153,
        "lon" : -3.2342842
      }
    },
    "activities" : [ {
      "activity" : "walking",
      "group" : "walking",
      "manual" : false,
      "startTime" : "20160901T210640+0100",
      "endTime" : "20160901T210659+0100",
      "duration" : 19.0,
      "distance" : 15.0,
      "steps" : 30,
      "trackPoints" : [ ]
    } ],
    "lastUpdate" : "20160901T214426Z"
  }, {
    "type" : "move",
    "startTime" : "20160901T222419+0100",
    "endTime" : "20160901T222713+0100",
    "activities" : [ {
      "activity" : "transport",
      "group" : "transport",
      "manual" : false,
      "startTime" : "20160901T222419+0100",
      "endTime" : "20160901T222713+0100",
      "duration" : 174.0,
      "distance" : 1301.0,
      "trackPoints" : [ {
        "lat" : 55.923153,
        "lon" : -3.2342842,
        "time" : "20160901T222419+0100"
      }, {
        "lat" : 55.923721,
        "lon" : -3.236924,
        "time" : "20160901T222520+0100"
      }, {
        "lat" : 55.925049,
        "lon" : -3.2458615,
        "time" : "20160901T222553+0100"
      }, {
        "lat" : 55.925694,
        "lon" : -3.2462316,
        "time" : "20160901T222615+0100"
      }, {
        "lat" : 55.926292,
        "lon" : -3.2509906,
        "time" : "20160901T222713+0100"
      } ]
    } ],
    "lastUpdate" : "20160901T214426Z"
  }, {
    "type" : "place",
    "startTime" : "20160901T222714+0100",
    "endTime" : "20160902T031437+0100",
    "place" : {
      "id" : 510587786,
      "type" : "unknown",
      "location" : {
        "lat" : 55.926292,
        "lon" : -3.2509906
      }
    },
    "activities" : [ {
      "activity" : "walking",
      "group" : "walking",
      "manual" : false,
      "startTime" : "20160901T222932+0100",
      "endTime" : "20160901T222951+0100",
      "duration" : 19.0,
      "distance" : 15.0,
      "steps" : 30,
      "trackPoints" : [ ]
    }, {
      "activity" : "walking",
      "group" : "walking",
      "manual" : false,
      "startTime" : "20160901T230101+0100",
      "endTime" : "20160901T230126+0100",
      "duration" : 25.0,
      "distance" : 17.0,
      "steps" : 35,
      "trackPoints" : [ ]
    } ],
    "lastUpdate" : "20160902T021441Z"
  } ],
  "lastUpdate" : "20180618T133439Z"
}, {
  "date" : "20160902",
  "summary" : [ {
    "activity" : "walking",
    "group" : "walking",
    "duration" : 29.0,
    "distance" : 14.0,
    "steps" : 20
  } ],
  "segments" : [ {
    "type" : "place",
    "startTime" : "20160901T222714+0100",
    "endTime" : "20160902T031437+0100",
    "place" : {
      "id" : 510587786,
      "type" : "unknown",
      "location" : {
        "lat" : 55.926292,
        "lon" : -3.2509906
      }
    },
    "activities" : [ {
      "activity" : "walking",
      "group" : "walking",
      "manual" : false,
      "startTime" : "20160902T004143+0100",
      "endTime" : "20160902T004212+0100",
      "duration" : 29.0,
      "distance" : 14.0,
      "steps" : 20,
      "trackPoints" : [ ]
    } ],
    "lastUpdate" : "20160902T021441Z"
  } ],
  "lastUpdate" : "20160902T021441Z"
} ]