[ {
  "date" : "20160831",
  "summary" : [ {
    "activity" : "walking",
    "group" : "walking",
    "duration" : 1385.0,
    "distance" : 1262.0,
    "steps" : 1830
  }, {
    "activity" : "cycling",
    "group" : "cycling",
    "duration" : 2214.0,
    "distance" : 12299.0
  } ],
  "segments" : [ {
    "type" : "place",
    "startTime" : "20160831T094358+0100",
    "endTime" : "20160831T095031+0100",
    "place" : {
      "id" : 510253707,
      "type" : "unknown",
      "location" : {
        "lat" : 55.926374,
        "lon" : -3.2505118
      }
    },
    "activities" : [ {
      "activity" : "walking",
      "group" : "walking",
      "manual" : false,
      "startTime" : "20160831T094645+0100",
      "endTime" : "20160831T094712+0100",
      "duration" : 27.0,
      "distance" : 20.0,
      "steps" : 40,
      "trackPoints" : [ ]
    } ],
    "lastUpdate" : "20160831T091056Z"
  }, {
    "type" : "move",
    "startTime" : "20160831T095031+0100",
    "endTime" : "20160831T100727+0100",
    "activities" : [ {
      "activity" : "cycling",
      "group" : "cycling",
      "manual" : false,
      "startTime" : "20160831T095031+0100",
      "endTime" : "20160831T100727+0100",
      "duration" : 1016.0,
      "distance" : 6011.0,
      "trackPoints" : [ {
        "lat" : 55.926374,
        "lon" : -3.2505118,
        "time" : "20160831T095031+0100"
      }, {
        "lat" : 55.927943,
        "lon" : -3.2471586,
        "time" : "20160831T095053+0100"
      }, {
        "lat" : 55.928198,
        "lon" : -3.2469777,
        "time" : "20160831T095110+0100"
      }, {
        "lat" : 55.928313,
        "lon" : -3.2471081,
        "time" : "20160831T095127+0100"
      }, {
        "lat" : 55.928001,
        "lon" : -3.2468402,
        "time" : "20160831T095147+0100"
      }, {
        "lat" : 55.927406,
        "lon" : -3.246145,
        "time" : "20160831T095215+0100"
      }, {
        "lat" : 55.926979,
        "lon" : -3.2448716,
        "time" : "20160831T095231+0100"
      }, {
        "lat" : 55.926931,
        "lon" : -3.2439746,
        "time" : "20160831T095256+0100"
      }, {
        "lat" : 55.926931,
        "lon" : -3.2439746,
        "time" : "20160831T095321+0100"
      }, {
        "lat" : 55.928075,
        "lon" : -3.2417601,
        "time" : "20160831T095353+0100"
      }, {
        "lat" : 55.929536,
        "lon" : -3.2400149,
        "time" : "20160831T095418+0100"
      }, {
        "lat" : 55.931451,
        "lon" : -3.2375537,
        "time" : "20160831T095446+0100"
      }, {
        "lat" : 55.932797,
        "lon" : -3.2360851,
        "time" : "20160831T095514+0100"
      }, {
        "lat" : 55.933545,
        "lon" : -3.2347558,
        "time" : "20160831T095530+0100"
      }, {
        "lat" : 55.934522,
        "lon" : -3.2325799,
        "time" : "20160831T095554+0100"
      }, {
        "lat" : 55.935904,
        "lon" : -3.2295604,
        "time" : "20160831T095621+0100"
      }, {
        "lat" : 55.936718,
        "lon" : -3.2277905,
        "time" : "20160831T095641+0100"
      }, {
        "lat" : 55.937932,
        "lon" : -3.2252103,
        "time" : "20160831T095706+0100"
      }, {
        "lat" : 55.939467,
        "lon" : -3.2224876,
        "time" : "20160831T095740+0100"
      }, {
        "lat" : 55.94009,
        "lon" : -3.2196603,
        "time" : "20160831T095813+0100"
      }, {
        "lat" : 55.940718,
        "lon" : -3.2171521,
        "time" : "20160831T095835+0100"
      }, {
        "lat" : 55.941694,
        "lon" : -3.2148451,
        "time" : "20160831T095856+0100"
      }, {
        "lat" : 55.942474,
        "lon" : -3.2122073,
        "time" : "20160831T095919+0100"
      }, {
        "lat" : 55.943144,
        "lon" : -3.2093183,
        "time" : "20160831T095943+0100"
      }, {
        "lat" : 55.943419,
        "lon" : -3.2084995,
        "time" : "20160831T095959+0100"
      }, {
        "lat" : 55.943419,
        "lon" : -3.208499,
        "time" : "20160831T100000+0100"
      }, {
        "lat" : 55.943587,
        "lon" : -3.2079987,
        "time" : "20160831T100010+0100"
      }, {
        "lat" : 55.944631,
        "lon" : -3.2062721,
        "time" : "20160831T100032+0100"
      }, {
        "lat" : 55.945531,
        "lon" : -3.2066966,
        "time" : "20160831T100051+0100"
      }, {
        "lat" : 55.945798,
        "lon" : -3.2055366,
        "time" : "20160831T100111+0100"
      }, {
        "lat" : 55.945861,
        "lon" : -3.2034896,
        "time" : "20160831T100134+0100"
      }, {
        "lat" : 55.945483,
        "lon" : -3.2013029,
        "time" : "20160831T100211+0100"
      }, {
        "lat" : 55.945011,
        "lon" : -3.2005073,
        "time" : "20160831T100227+0100"
      }, {
        "lat" : 55.944892,
        "lon" : -3.2001772,
        "time" : "20160831T100246+0100"
      }, {
        "lat" : 55.944871,
        "lon" : -3.2001857,
        "time" : "20160831T100307+0100"
      }, {
        "lat" : 55.944965,
        "lon" : -3.1994211,
        "time" : "20160831T100344+0100"
      }, {
        "lat" : 55.944931,
        "lon" : -3.1971527,
        "time" : "20160831T100415+0100"
      }, {
        "lat" : 55.944989,
        "lon" : -3.1958956,
        "time" : "20160831T100430+0100"
      }, {
        "lat" : 55.945491,
        "lon" : -3.1915181,
        "time" : "20160831T100510+0100"
      }, {
        "lat" : 55.945609,
        "lon" : -3.1907408,
        "time" : "20160831T100533+0100"
      }, {
        "lat" : 55.946629,
        "lon" : -3.1909545,
        "time" : "20160831T100600+0100"
      }, {
        "lat" : 55.946959,
        "lon" : -3.1912964,
        "time" : "20160831T100616+0100"
      }, {
        "lat" : 55.947467,
        "lon" : -3.1896029,
        "time" : "20160831T100648+0100"
      }, {
        "lat" : 55.94783,
        "lon" : -3.1877818,
        "time" : "20160831T100704+0100"
      }, {
        "lat" : 55.948384,
        "lon" : -3.1842279,
        "time" : "20160831T100727+0100"
      } ]
    } ],
    "lastUpdate" : "20160831T094628Z"
  }, {
    "type" : "place",
    "startTime" : "20160831T100727+0100",
    "endTime" : "20160831T123439+0100",
    "place" : {
      "id" : 510267390,
      "name" : "Work",
      "type" : "work",
      "location" : {
        "lat" : 55.94838400000001,
        "lon" : -3.1842278999999998
      }
    },
    "activities" : [ {
      "activity" : "walking",
      "group" : "walking",
      "manual" : false,
      "startTime" : "20160831T101017+0100",
      "endTime" : "20160831T101209+0100",
      "duration" : 112.0,
      "distance" : 84.0,
      "steps" : 168,
      "trackPoints" : [ ]
    }, {
      "activity" : "walking",
      "group" : "walking",
      "manual" : false,
      "startTime" : "20160831T114454+0100",
      "endTime" : "20160831T114627+0100",
      "duration" : 93.0,
      "distance" : 56.0,
      "steps" : 112,
      "trackPoints" : [ ]
    } ],
    "lastUpdate" : "20180618T133439Z"
  }, {
    "type" : "move",
    "startTime" : "20160831T123439+0100",
    "endTime" : "20160831T123916+0100",
    "activities" : [ {
      "activity" : "walking",
      "group" : "walking",
      "manual" : false,
      "startTime" : "20160831T123439+0100",
      "endTime" : "20160831T123915+0100",
      "duration" : 276.0,
      "distance" : 223.0,
      "steps" : 446,
      "trackPoints" : [ {
        "lat" : 55.948384,
        "lon" : -3.1842279,
        "time" : "20160831T123439+0100"
      }, {
        "lat" : 55.94842,
        "lon" : -3.1842083,
        "time" : "20160831T123454+0100"
      }, {
        "lat" : 55.948425,
        "lon" : -3.1841941,
        "time" : "20160831T123509+0100"
      }, {
        "lat" : 55.948376,
        "lon" : -3.1844479,
        "time" : "20160831T123534+0100"
      }, {
        "lat" : 55.948406,
        "lon" : -3.1844348,
        "time" : "20160831T123550+0100"
      }, {
        "lat" : 55.948353,
        "lon" : -3.1848069,
        "time" : "20160831T123608+0100"
      }, {
        "lat" : 55.948253,
        "lon" : -3.185311,
        "time" : "20160831T123628+0100"
      }, {
        "lat" : 55.948066,
        "lon" : -3.1860217,
        "time" : "20160831T123721+0100"
      }, {
        "lat" : 55.948049,
        "lon" : -3.1862713,
        "time" : "20160831T123737+0100"
      }, {
        "lat" : 55.948151,
        "lon" : -3.186655,
        "time" : "20160831T123818+0100"
      }, {
        "lat" : 55.948207,
        "lon" : -3.1866868,
        "time" : "20160831T123835+0100"
      }, {
        "lat" : 55.948352,
        "lon" : -3.1867101,
        "time" : "20160831T123853+0100"
      }, {
        "lat" : 55.94829,
        "lon" : -3.1866486,
        "time" : "20160831T123916+0100"
      } ]
    } ],
    "lastUpdate" : "20160831T114540Z"
  }, {
    "type" : "place",
    "startTime" : "20160831T123916+0100",
    "endTime" : "20160831T124250+0100",
    "place" : {
      "id" : 510267390,
      "name" : "Work",
      "type" : "work",
      "location" : {
        "lat" : 55.94838400000001,
        "lon" : -3.1842278999999998
      }
    },
    "activities" : [ {
      "activity" : "walking",
      "group" : "walking",
      "manual" : false,
      "startTime" : "20160831T124109+0100",
      "endTime" : "20160831T124136+0100",
      "duration" : 27.0,
      "distance" : 20.0,
      "steps" : 40,
      "trackPoints" : [ ]
    } ],
    "lastUpdate" : "20180618T133439Z"
  }, {
    "type" : "move",
    "startTime" : "20160831T124250+0100",
    "endTime" : "20160831T124734+0100",
    "activities" : [ {
      "activity" : "walking",
      "group" : "walking",
      "manual" : false,
      "startTime" : "20160831T124250+0100",
      "endTime" : "20160831T124734+0100",
      "duration" : 284.0,
      "distance" : 402.0,
      "steps" : 429,
      "trackPoints" : [ {
        "lat" : 55.948384,
        "lon" : -3.1842279,
        "time" : "20160831T124250+0100"
      }, {
        "lat" : 55.948353,
        "lon" : -3.1867089,
        "time" : "20160831T124328+0100"
      }, {
        "lat" : 55.948248,
        "lon" : -3.1866974,
        "time" : "20160831T124357+0100"
      }, {
        "lat" : 55.948152,
        "lon" : -3.1866916,
        "time" : "20160831T124414+0100"
      }, {
        "lat" : 55.948128,
        "lon" : -3.1866234,
        "time" : "20160831T124430+0100"
      }, {
        "lat" : 55.948025,
        "lon" : -3.1862134,
        "time" : "20160831T124503+0100"
      }, {
        "lat" : 55.948123,
        "lon" : -3.1857655,
        "time" : "20160831T124523+0100"
      }, {
        "lat" : 55.948279,
        "lon" : -3.185379,
        "time" : "20160831T124544+0100"
      }, {
        "lat" : 55.948451,
        "lon" : -3.1849868,
        "time" : "20160831T124600+0100"
      }, {
        "lat" : 55.948417,
        "lon" : -3.1841723,
        "time" : "20160831T124628+0100"
      }, {
        "lat" : 55.948377,
        "lon" : -3.1840814,
        "time" : "20160831T124644+0100"
      }, {
        "lat" : 55.948412,
        "lon" : -3.1842721,
        "time" : "20160831T124707+0100"
      }, {
        "lat" : 55.948384,
        "lon" : -3.1842279,
        "time" : "20160831T124734+0100"
      } ]
    } ],
    "lastUpdate" : "20160831T154802Z"
  }, {
    "type" : "place",
    "startTime" : "20160831T124734+0100",
    "endTime" : "20160831T204237+0100",
    "place" : {
      "id" : 510267390,
      "name" : "Work",
      "type" : "work",
      "location" : {
        "lat" : 55.94838400000001,
        "lon" : -3.1842278999999998
      }
    },
    "activities" : [ {
      "activity" : "walking",
      "group" : "walking",
      "manual" : false,
      "startTime" : "20160831T135335+0100",
      "endTime" : "20160831T135355+0100",
      "duration" : 20.0,
      "distance" : 15.0,
      "steps" : 30,
      "trackPoints" : [ ]
    }, {
      "activity" : "walking",
      "group" : "walking",
      "manual" : false,
      "startTime" : "20160831T151311+0100",
      "endTime" : "20160831T151416+0100",
      "duration" : 65.0,
      "distance" : 41.0,
      "steps" : 83,
      "trackPoints" : [ ]
    }, {
      "activity" : "walking",
      "group" : "walking",
      "manual" : false,
      "startTime" : "20160831T171231+0100",
      "endTime" : "20160831T171303+0100",
      "duration" : 32.0,
      "distance" : 17.0,
      "steps" : 34,
      "trackPoints" : [ ]
    }, {
      "activity" : "walking",
      "group" : "walking",
      "manual" : false,
      "startTime" : "20160831T203828+0100",
      "endTime" : "20160831T204117+0100",
      "duration" : 169.0,
      "distance" : 127.0,
      "steps" : 161,
      "trackPoints" : [ ]
    } ],
    "lastUpdate" : "20180618T133439Z"
  }, {
    "type" : "move",
    "startTime" : "20160831T204237+0100",
    "endTime" : "20160831T210235+0100",
    "activities" : [ {
      "activity" : "cycling",
      "group" : "cycling",
      "manual" : false,
      "startTime" : "20160831T204237+0100",
      "endTime" : "20160831T210235+0100",
      "duration" : 1198.0,
      "distance" : 6288.0,
      "trackPoints" : [ {
        "lat" : 55.948384,
        "lon" : -3.1842279,
        "time" : "20160831T204237+0100"
      }, {
        "lat" : 55.948009,
        "lon" : -3.1859234,
        "time" : "20160831T204308+0100"
      }, {
        "lat" : 55.947938,
        "lon" : -3.1864893,
        "time" : "20160831T204325+0100"
      }, {
        "lat" : 55.947919,
        "lon" : -3.1865986,
        "time" : "20160831T204347+0100"
      }, {
        "lat" : 55.947946,
        "lon" : -3.186828,
        "time" : "20160831T204410+0100"
      }, {
        "lat" : 55.947912,
        "lon" : -3.1874655,
        "time" : "20160831T204428+0100"
      }, {
        "lat" : 55.947471,
        "lon" : -3.1895907,
        "time" : "20160831T204450+0100"
      }, {
        "lat" : 55.94704,
        "lon" : -3.1909614,
        "time" : "20160831T204508+0100"
      }, {
        "lat" : 55.945901,
        "lon" : -3.1901136,
        "time" : "20160831T204534+0100"
      }, {
        "lat" : 55.945194,
        "lon" : -3.1913253,
        "time" : "20160831T204554+0100"
      }, {
        "lat" : 55.945051,
        "lon" : -3.1936287,
        "time" : "20160831T204611+0100"
      }, {
        "lat" : 55.944922,
        "lon" : -3.1965375,
        "time" : "20160831T204638+0100"
      }, {
        "lat" : 55.944957,
        "lon" : -3.1986662,
        "time" : "20160831T204659+0100"
      }, {
        "lat" : 55.944909,
        "lon" : -3.1996518,
        "time" : "20160831T204715+0100"
      }, {
        "lat" : 55.944723,
        "lon" : -3.2004392,
        "time" : "20160831T204738+0100"
      }, {
        "lat" : 55.943937,
        "lon" : -3.2033975,
        "time" : "20160831T204833+0100"
      }, {
        "lat" : 55.943805,
        "lon" : -3.2038868,
        "time" : "20160831T204849+0100"
      }, {
        "lat" : 55.94381,
        "lon" : -3.2061063,
        "time" : "20160831T204914+0100"
      }, {
        "lat" : 55.94354,
        "lon" : -3.2079076,
        "time" : "20160831T204935+0100"
      }, {
        "lat" : 55.943078,
        "lon" : -3.2085543,
        "time" : "20160831T204958+0100"
      }, {
        "lat" : 55.942517,
        "lon" : -3.2090544,
        "time" : "20160831T205018+0100"
      }, {
        "lat" : 55.941637,
        "lon" : -3.2108751,
        "time" : "20160831T205054+0100"
      }, {
        "lat" : 55.941157,
        "lon" : -3.2117201,
        "time" : "20160831T205113+0100"
      }, {
        "lat" : 55.940816,
        "lon" : -3.2127622,
        "time" : "20160831T205129+0100"
      }, {
        "lat" : 55.939512,
        "lon" : -3.2163424,
        "time" : "20160831T205211+0100"
      }, {
        "lat" : 55.939321,
        "lon" : -3.2168162,
        "time" : "20160831T205232+0100"
      }, {
        "lat" : 55.938791,
        "lon" : -3.2181926,
        "time" : "20160831T205251+0100"
      }, {
        "lat" : 55.938421,
        "lon" : -3.2190411,
        "time" : "20160831T205308+0100"
      }, {
        "lat" : 55.93796,
        "lon" : -3.2201777,
        "time" : "20160831T205326+0100"
      }, {
        "lat" : 55.937243,
        "lon" : -3.2216185,
        "time" : "20160831T205347+0100"
      }, {
        "lat" : 55.933216,
        "lon" : -3.2254231,
        "time" : "20160831T205529+0100"
      }, {
        "lat" : 55.932431,
        "lon" : -3.2262999,
        "time" : "20160831T205548+0100"
      }, {
        "lat" : 55.93152,
        "lon" : -3.2266634,
        "time" : "20160831T205604+0100"
      }, {
        "lat" : 55.931096,
        "lon" : -3.2271568,
        "time" : "20160831T205620+0100"
      }, {
        "lat" : 55.930163,
        "lon" : -3.2275205,
        "time" : "20160831T205639+0100"
      }, {
        "lat" : 55.924853,
        "lon" : -3.2391987,
        "time" : "20160831T205911+0100"
      }, {
        "lat" : 55.924168,
        "lon" : -3.2409672,
        "time" : "20160831T205934+0100"
      }, {
        "lat" : 55.924391,
        "lon" : -3.2427163,
        "time" : "20160831T205950+0100"
      }, {
        "lat" : 55.92426,
        "lon" : -3.2435423,
        "time" : "20160831T205959+0100"
      }, {
        "lat" : 55.92426,
        "lon" : -3.2435432,
        "time" : "20160831T210000+0100"
      }, {
        "lat" : 55.924136,
        "lon" : -3.2443222,
        "time" : "20160831T210008+0100"
      }, {
        "lat" : 55.923924,
        "lon" : -3.2453559,
        "time" : "20160831T210024+0100"
      }, {
        "lat" : 55.92381,
        "lon" : -3.2471949,
        "time" : "20160831T210054+0100"
      }, {
        "lat" : 55.923927,
        "lon" : -3.2480715,
        "time" : "20160831T210110+0100"
      }, {
        "lat" : 55.924219,
        "lon" : -3.2491825,
        "time" : "20160831T210136+0100"
      }, {
        "lat" : 55.926292,
        "lon" : -3.2509906,
        "time" : "20160831T210235+0100"
      } ]
    } ],
    "lastUpdate" : "20160831T201541Z"
  }, {
    "type" : "place",
    "startTime" : "20160831T210236+0100",
    "endTime" : "20160901T095943+0100",
    "place" : {
      "id" : 510587786,
      "type" : "unknown",
      "location" : {
        "lat" : 55.926292,
        "lon" : -3.2509906
      }
    },
    "activities" : [ {
      "activity" : "walking",
      "group" : "walking",
      "manual" : false,
      "startTime" : "20160831T210350+0100",
      "endTime" : "20160831T210553+0100",
      "duration" : 123.0,
      "distance" : 139.0,
      "steps" : 185,
      "trackPoints" : [ ]
    }, {
      "activity" : "walking",
      "group" : "walking",
      "manual" : false,
      "startTime" : "20160831T220809+0100",
      "endTime" : "20160831T221046+0100",
      "duration" : 157.0,
      "distance" : 118.0,
      "steps" : 102,
      "trackPoints" : [ ]
    } ],
    "lastUpdate" : "20160901T094641Z"
  } ],
  "lastUpdate" : "20180618T133439Z"
} ]