[ {
  "date" : "20160831",
  "segments" : [ {
    "type" : "place",
    "startTime" : "20160831T094358+0100",
    "endTime" : "20160831T095031+0100",
    "place" : {
      "id" : 510253707,
      "type" : "unknown",
      "location" : {
        "lat" : 55.926374,
        "lon" : -3.2505118
      }
    },
    "lastUpdate" : "20160831T091056Z"
  }, {
    "type" : "place",
    "startTime" : "20160831T100727+0100",
    "endTime" : "20160831T123439+0100",
    "place" : {
      "id" : 510267390,
      "name" : "Work",
      "type" : "work",
      "location" : {
        "lat" : 55.94838400000001,
        "lon" : -3.1842278999999998
      }
    },
    "lastUpdate" : "20180618T133439Z"
  }, {
    "type" : "place",
    "startTime" : "20160831T123916+0100",
    "endTime" : "20160831T124250+0100",
    "place" : {
      "id" : 510267390,
      "name" : "Work",
      "type" : "work",
      "location" : {
        "lat" : 55.94838400000001,
        "lon" : -3.1842278999999998
      }
    },
    "lastUpdate" : "20180618T133439Z"
  }, {
    "type" : "place",
    "startTime" : "20160831T124734+0100",
    "endTime" : "20160831T204237+0100",
    "place" : {
      "id" : 510267390,
      "name" : "Work",
      "type" : "work",
      "location" : {
        "lat" : 55.94838400000001,
        "lon" : -3.1842278999999998
      }
    },
    "lastUpdate" : "20180618T133439Z"
  }, {
    "type" : "place",
    "startTime" : "20160831T210236+0100",
    "endTime" : "20160901T095943+0100",
    "place" : {
      "id" : 510587786,
      "type" : "unknown",
      "location" : {
        "lat" : 55.926292,
        "lon" : -3.2509906
      }
    },
    "lastUpdate" : "20160901T094641Z"
  } ],
  "lastUpdate" : "20180618T133439Z"
}, {
  "date" : "20160901",
  "segments" : [ {
    "type" : "place",
    "startTime" : "20160831T210236+0100",
    "endTime" : "20160901T095943+0100",
    "place" : {
      "id" : 510587786,
      "type" : "unknown",
      "location" : {
        "lat" : 55.926292,
        "lon" : -3.2509906
      }
    },
    "lastUpdate" : "20160901T094641Z"
  }, {
    "type" : "place",
    "startTime" : "20160901T101553+0100",
    "endTime" : "20160901T190745+0100",
    "place" : {
      "id" : 510267390,
      "name" : "Work",
      "type" : "work",
      "location" : {
        "lat" : 55.94838400000001,
        "lon" : -3.1842278999999998
      }
    },
    "lastUpdate" : "20180618T133439Z"
  }, {
    "type" : "place",
    "startTime" : "20160901T192752+0100",
    "endTime" : "20160901T205939+0100",
    "place" : {
      "id" : 510587786,
      "type" : "unknown",
      "location" : {
        "lat" : 55.926292,
        "lon" : -3.2509906
      }
    },
    "lastUpdate" : "20160901T212818Z"
  }, {
    "type" : "place",
    "startTime" : "20160901T210459+0100",
    "endTime" : "20160901T222419+0100",
    "place" : {
      "id" : 511167123,
      "type" : "unknown",
      "location" : {
        "lat" : 55.923153,
        "lon" : -3.2342842
      }
    },
    "lastUpdate" : "20160901T214426Z"
  }, {
    "type" : "place",
    "startTime" : "20160901T222714+0100",
    "endTime" : "20160902T031437+0100",
    "place" : {
      "id" : 510587786,
      "type" : "unknown",
      "location" : {
        "lat" : 55.926292,
        "lon" : -3.2509906
      }
    },
    "lastUpdate" : "20160902T021441Z"
  } ],
  "lastUpdate" : "20180618T133439Z"
}, {
  "date" : "20160902",
  "segments" : [ {
    "type" : "place",
    "startTime" : "20160901T222714+0100",
    "endTime" : "20160902T031437+0100",
    "place" : {
      "id" : 510587786,
      "type" : "unknown",
      "location" : {
        "lat" : 55.926292,
        "lon" : -3.2509906
      }
    },
    "lastUpdate" : "20160902T021441Z"
  } ],
  "lastUpdate" : "20160902T021441Z"
}, {
  "date" : "20180618",
  "segments" : [ {
    "type" : "place",
    "startTime" : "20180618T131758+0100",
    "endTime" : "20180618T164704+0100",
    "place" : {
      "id" : 510267390,
      "name" : "Work",
      "type" : "work",
      "location" : {
        "lat" : 55.94838400000001,
        "lon" : -3.1842278999999998
      }
    },
    "lastUpdate" : "20180618T161322Z"
  }, {
    "type" : "place",
    "startTime" : "20180618T165129+0100",
    "endTime" : "20180618T173015+0100",
    "place" : {
      "id" : 510321770,
      "name" : "Costa Coffee",
      "type" : "facebook",
      "facebookPlaceId" : "416277641848804",
      "location" : {
        "lat" : 55.948495452493,
        "lon" : -3.1869095563889
      }
    },
    "lastUpdate" : "20180618T174450Z"
  }, {
    "type" : "place",
    "startTime" : "20180618T173426+0100",
    "endTime" : "20180618T193846+0100",
    "place" : {
      "id" : 510267390,
      "name" : "Work",
      "type" : "work",
      "location" : {
        "lat" : 55.94838400000001,
        "lon" : -3.1842278999999998
      }
    },
    "lastUpdate" : "20180618T190316Z"
  }, {
    "type" : "place",
    "startTime" : "20180618T195037+0100",
    "endTime" : "20180619T095615+0100",
    "place" : {
      "id" : 787103581,
      "name" : "Home",
      "type" : "home",
      "location" : {
        "lat" : 55.93449111680904,
        "lon" : -3.228312634811668
      }
    },
    "lastUpdate" : "20180619T100046Z"
  } ],
  "lastUpdate" : "20180619T100046Z"
}, {
  "date" : "20180619",
  "segments" : [ {
    "type" : "place",
    "startTime" : "20180618T195037+0100",
    "endTime" : "20180619T095615+0100",
    "place" : {
      "id" : 787103581,
      "name" : "Home",
      "type" : "home",
      "location" : {
        "lat" : 55.93449111680904,
        "lon" : -3.228312634811668
      }
    },
    "lastUpdate" : "20180619T100046Z"
  }, {
    "type" : "place",
    "startTime" : "20180619T100941+0100",
    "endTime" : "20180619T130416+0100",
    "place" : {
      "id" : 510267390,
      "name" : "Work",
      "type" : "work",
      "location" : {
        "lat" : 55.94838400000001,
        "lon" : -3.1842278999999998
      }
    },
    "lastUpdate" : "20180619T121648Z"
  }, {
    "type" : "place",
    "startTime" : "20180619T130902+0100",
    "endTime" : "20180619T132633+0100",
    "place" : {
      "id" : 787221300,
      "type" : "unknown",
      "location" : {
        "lat" : 55.946014,
        "lon" : -3.1851943
      }
    },
    "lastUpdate" : "20180619T140841Z"
  }, {
    "type" : "place",
    "startTime" : "20180619T133315+0100",
    "endTime" : "20180619T165153+0100",
    "place" : {
      "id" : 510267390,
      "name" : "Work",
      "type" : "work",
      "location" : {
        "lat" : 55.94838400000001,
        "lon" : -3.1842278999999998
      }
    },
    "lastUpdate" : "20180619T172347Z"
  }, {
    "type" : "place",
    "startTime" : "20180619T170337+0100",
    "endTime" : "20180619T175454+0100",
    "place" : {
      "id" : 787279380,
      "type" : "unknown",
      "location" : {
        "lat" : 55.955484,
        "lon" : -3.186982
      }
    },
    "lastUpdate" : "20180619T172347Z"
  }, {
    "type" : "place",
    "startTime" : "20180619T175756+0100",
    "endTime" : "20180619T180623+0100",
    "place" : {
      "id" : 787279381,
      "type" : "unknown",
      "location" : {
        "lat" : 55.956047,
        "lon" : -3.1870993
      }
    },
    "lastUpdate" : "20180619T175327Z"
  }, {
    "type" : "place",
    "startTime" : "20180619T183813+0100",
    "endTime" : "20180620T103857+0100",
    "place" : {
      "id" : 787103581,
      "name" : "Home",
      "type" : "home",
      "location" : {
        "lat" : 55.93449111680904,
        "lon" : -3.228312634811668
      }
    },
    "lastUpdate" : "20180620T104020Z"
  } ],
  "lastUpdate" : "20180620T104020Z"
}, {
  "date" : "20180620",
  "segments" : [ {
    "type" : "place",
    "startTime" : "20180619T183813+0100",
    "endTime" : "20180620T103857+0100",
    "place" : {
      "id" : 787103581,
      "name" : "Home",
      "type" : "home",
      "location" : {
        "lat" : 55.93449111680904,
        "lon" : -3.228312634811668
      }
    },
    "lastUpdate" : "20180620T104020Z"
  }, {
    "type" : "place",
    "startTime" : "20180620T104554+0100",
    "endTime" : "20180620T104653+0100",
    "place" : {
      "id" : 787399289,
      "type" : "unknown",
      "location" : {
        "lat" : 55.933168,
        "lon" : -3.2293615
      }
    },
    "lastUpdate" : "20180620T104020Z"
  }, {
    "type" : "place",
    "startTime" : "20180620T105106+0100",
    "endTime" : "20180620T131231+0100",
    "place" : {
      "id" : 787103581,
      "name" : "Home",
      "type" : "home",
      "location" : {
        "lat" : 55.93449111680904,
        "lon" : -3.228312634811668
      }
    },
    "lastUpdate" : "20180620T121232Z"
  } ],
  "lastUpdate" : "20180620T121232Z"
} ]