[ {
  "date" : "20160831",
  "summary" : [ {
    "activity" : "walking",
    "group" : "walking",
    "duration" : 1385.0,
    "distance" : 1262.0,
    "steps" : 1830
  }, {
    "activity" : "cycling",
    "group" : "cycling",
    "duration" : 2214.0,
    "distance" : 12299.0
  } ],
  "segments" : [ {
    "type" : "place",
    "startTime" : "20160831T094358+0100",
    "endTime" : "20160831T095031+0100",
    "place" : {
      "id" : 510253707,
      "type" : "unknown",
      "location" : {
        "lat" : 55.926374,
        "lon" : -3.2505118
      }
    },
    "activities" : [ {
      "activity" : "walking",
      "group" : "walking",
      "manual" : false,
      "startTime" : "20160831T094645+0100",
      "endTime" : "20160831T094712+0100",
      "duration" : 27.0,
      "distance" : 20.0,
      "steps" : 40,
      "trackPoints" : [ ]
    } ],
    "lastUpdate" : "20160831T091056Z"
  }, {
    "type" : "move",
    "startTime" : "20160831T095031+0100",
    "endTime" : "20160831T100727+0100",
    "activities" : [ {
      "activity" : "cycling",
      "group" : "cycling",
      "manual" : false,
      "startTime" : "20160831T095031+0100",
      "endTime" : "20160831T100727+0100",
      "duration" : 1016.0,
      "distance" : 6011.0,
      "trackPoints" : [ {
        "lat" : 55.926374,
        "lon" : -3.2505118,
        "time" : "20160831T095031+0100"
      }, {
        "lat" : 55.927943,
        "lon" : -3.2471586,
        "time" : "20160831T095053+0100"
      }, {
        "lat" : 55.928198,
        "lon" : -3.2469777,
        "time" : "20160831T095110+0100"
      }, {
        "lat" : 55.928313,
        "lon" : -3.2471081,
        "time" : "20160831T095127+0100"
      }, {
        "lat" : 55.928001,
        "lon" : -3.2468402,
        "time" : "20160831T095147+0100"
      }, {
        "lat" : 55.927406,
        "lon" : -3.246145,
        "time" : "20160831T095215+0100"
      }, {
        "lat" : 55.926979,
        "lon" : -3.2448716,
        "time" : "20160831T095231+0100"
      }, {
        "lat" : 55.926931,
        "lon" : -3.2439746,
        "time" : "20160831T095256+0100"
      }, {
        "lat" : 55.926931,
        "lon" : -3.2439746,
        "time" : "20160831T095321+0100"
      }, {
        "lat" : 55.928075,
        "lon" : -3.2417601,
        "time" : "20160831T095353+0100"
      }, {
        "lat" : 55.929536,
        "lon" : -3.2400149,
        "time" : "20160831T095418+0100"
      }, {
        "lat" : 55.931451,
        "lon" : -3.2375537,
        "time" : "20160831T095446+0100"
      }, {
        "lat" : 55.932797,
        "lon" : -3.2360851,
        "time" : "20160831T095514+0100"
      }, {
        "lat" : 55.933545,
        "lon" : -3.2347558,
        "time" : "20160831T095530+0100"
      }, {
        "lat" : 55.934522,
        "lon" : -3.2325799,
        "time" : "20160831T095554+0100"
      }, {
        "lat" : 55.935904,
        "lon" : -3.2295604,
        "time" : "20160831T095621+0100"
      }, {
        "lat" : 55.936718,
        "lon" : -3.2277905,
        "time" : "20160831T095641+0100"
      }, {
        "lat" : 55.937932,
        "lon" : -3.2252103,
        "time" : "20160831T095706+0100"
      }, {
        "lat" : 55.939467,
        "lon" : -3.2224876,
        "time" : "20160831T095740+0100"
      }, {
        "lat" : 55.94009,
        "lon" : -3.2196603,
        "time" : "20160831T095813+0100"
      }, {
        "lat" : 55.940718,
        "lon" : -3.2171521,
        "time" : "20160831T095835+0100"
      }, {
        "lat" : 55.941694,
        "lon" : -3.2148451,
        "time" : "20160831T095856+0100"
      }, {
        "lat" : 55.942474,
        "lon" : -3.2122073,
        "time" : "20160831T095919+0100"
      }, {
        "lat" : 55.943144,
        "lon" : -3.2093183,
        "time" : "20160831T095943+0100"
      }, {
        "lat" : 55.943419,
        "lon" : -3.2084995,
        "time" : "20160831T095959+0100"
      }, {
        "lat" : 55.943419,
        "lon" : -3.208499,
        "time" : "20160831T100000+0100"
      }, {
        "lat" : 55.943587,
        "lon" : -3.2079987,
        "time" : "20160831T100010+0100"
      }, {
        "lat" : 55.944631,
        "lon" : -3.2062721,
        "time" : "20160831T100032+0100"
      }, {
        "lat" : 55.945531,
        "lon" : -3.2066966,
        "time" : "20160831T100051+0100"
      }, {
        "lat" : 55.945798,
        "lon" : -3.2055366,
        "time" : "20160831T100111+0100"
      }, {
        "lat" : 55.945861,
        "lon" : -3.2034896,
        "time" : "20160831T100134+0100"
      }, {
        "lat" : 55.945483,
        "lon" : -3.2013029,
        "time" : "20160831T100211+0100"
      }, {
        "lat" : 55.945011,
        "lon" : -3.2005073,
        "time" : "20160831T100227+0100"
      }, {
        "lat" : 55.944892,
        "lon" : -3.2001772,
        "time" : "20160831T100246+0100"
      }, {
        "lat" : 55.944871,
        "lon" : -3.2001857,
        "time" : "20160831T100307+0100"
      }, {
        "lat" : 55.944965,
        "lon" : -3.1994211,
        "time" : "20160831T100344+0100"
      }, {
        "lat" : 55.944931,
        "lon" : -3.1971527,
        "time" : "20160831T100415+0100"
      }, {
        "lat" : 55.944989,
        "lon" : -3.1958956,
        "time" : "20160831T100430+0100"
      }, {
        "lat" : 55.945491,
        "lon" : -3.1915181,
        "time" : "20160831T100510+0100"
      }, {
        "lat" : 55.945609,
        "lon" : -3.1907408,
        "time" : "20160831T100533+0100"
      }, {
        "lat" : 55.946629,
        "lon" : -3.1909545,
        "time" : "20160831T100600+0100"
      }, {
        "lat" : 55.946959,
        "lon" : -3.1912964,
        "time" : "20160831T100616+0100"
      }, {
        "lat" : 55.947467,
        "lon" : -3.1896029,
        "time" : "20160831T100648+0100"
      }, {
        "lat" : 55.94783,
        "lon" : -3.1877818,
        "time" : "20160831T100704+0100"
      }, {
        "lat" : 55.948384,
        "lon" : -3.1842279,
        "time" : "20160831T100727+0100"
      } ]
    } ],
    "lastUpdate" : "20160831T094628Z"
  }, {
    "type" : "place",
    "startTime" : "20160831T100727+0100",
    "endTime" : "20160831T123439+0100",
    "place" : {
      "id" : 510267390,
      "name" : "Work",
      "type" : "work",
      "location" : {
        "lat" : 55.94838400000001,
        "lon" : -3.1842278999999998
      }
    },
    "activities" : [ {
      "activity" : "walking",
      "group" : "walking",
      "manual" : false,
      "startTime" : "20160831T101017+0100",
      "endTime" : "20160831T101209+0100",
      "duration" : 112.0,
      "distance" : 84.0,
      "steps" : 168,
      "trackPoints" : [ ]
    }, {
      "activity" : "walking",
      "group" : "walking",
      "manual" : false,
      "startTime" : "20160831T114454+0100",
      "endTime" : "20160831T114627+0100",
      "duration" : 93.0,
      "distance" : 56.0,
      "steps" : 112,
      "trackPoints" : [ ]
    } ],
    "lastUpdate" : "20180618T133439Z"
  }, {
    "type" : "move",
    "startTime" : "20160831T123439+0100",
    "endTime" : "20160831T123916+0100",
    "activities" : [ {
      "activity" : "walking",
      "group" : "walking",
      "manual" : false,
      "startTime" : "20160831T123439+0100",
      "endTime" : "20160831T123915+0100",
      "duration" : 276.0,
      "distance" : 223.0,
      "steps" : 446,
      "trackPoints" : [ {
        "lat" : 55.948384,
        "lon" : -3.1842279,
        "time" : "20160831T123439+0100"
      }, {
        "lat" : 55.94842,
        "lon" : -3.1842083,
        "time" : "20160831T123454+0100"
      }, {
        "lat" : 55.948425,
        "lon" : -3.1841941,
        "time" : "20160831T123509+0100"
      }, {
        "lat" : 55.948376,
        "lon" : -3.1844479,
        "time" : "20160831T123534+0100"
      }, {
        "lat" : 55.948406,
        "lon" : -3.1844348,
        "time" : "20160831T123550+0100"
      }, {
        "lat" : 55.948353,
        "lon" : -3.1848069,
        "time" : "20160831T123608+0100"
      }, {
        "lat" : 55.948253,
        "lon" : -3.185311,
        "time" : "20160831T123628+0100"
      }, {
        "lat" : 55.948066,
        "lon" : -3.1860217,
        "time" : "20160831T123721+0100"
      }, {
        "lat" : 55.948049,
        "lon" : -3.1862713,
        "time" : "20160831T123737+0100"
      }, {
        "lat" : 55.948151,
        "lon" : -3.186655,
        "time" : "20160831T123818+0100"
      }, {
        "lat" : 55.948207,
        "lon" : -3.1866868,
        "time" : "20160831T123835+0100"
      }, {
        "lat" : 55.948352,
        "lon" : -3.1867101,
        "time" : "20160831T123853+0100"
      }, {
        "lat" : 55.94829,
        "lon" : -3.1866486,
        "time" : "20160831T123916+0100"
      } ]
    } ],
    "lastUpdate" : "20160831T114540Z"
  }, {
    "type" : "place",
    "startTime" : "20160831T123916+0100",
    "endTime" : "20160831T124250+0100",
    "place" : {
      "id" : 510267390,
      "name" : "Work",
      "type" : "work",
      "location" : {
        "lat" : 55.94838400000001,
        "lon" : -3.1842278999999998
      }
    },
    "activities" : [ {
      "activity" : "walking",
      "group" : "walking",
      "manual" : false,
      "startTime" : "20160831T124109+0100",
      "endTime" : "20160831T124136+0100",
      "duration" : 27.0,
      "distance" : 20.0,
      "steps" : 40,
      "trackPoints" : [ ]
    } ],
    "lastUpdate" : "20180618T133439Z"
  }, {
    "type" : "move",
    "startTime" : "20160831T124250+0100",
    "endTime" : "20160831T124734+0100",
    "activities" : [ {
      "activity" : "walking",
      "group" : "walking",
      "manual" : false,
      "startTime" : "20160831T124250+0100",
      "endTime" : "20160831T124734+0100",
      "duration" : 284.0,
      "distance" : 402.0,
      "steps" : 429,
      "trackPoints" : [ {
        "lat" : 55.948384,
        "lon" : -3.1842279,
        "time" : "20160831T124250+0100"
      }, {
        "lat" : 55.948353,
        "lon" : -3.1867089,
        "time" : "20160831T124328+0100"
      }, {
        "lat" : 55.948248,
        "lon" : -3.1866974,
        "time" : "20160831T124357+0100"
      }, {
        "lat" : 55.948152,
        "lon" : -3.1866916,
        "time" : "20160831T124414+0100"
      }, {
        "lat" : 55.948128,
        "lon" : -3.1866234,
        "time" : "20160831T124430+0100"
      }, {
        "lat" : 55.948025,
        "lon" : -3.1862134,
        "time" : "20160831T124503+0100"
      }, {
        "lat" : 55.948123,
        "lon" : -3.1857655,
        "time" : "20160831T124523+0100"
      }, {
        "lat" : 55.948279,
        "lon" : -3.185379,
        "time" : "20160831T124544+0100"
      }, {
        "lat" : 55.948451,
        "lon" : -3.1849868,
        "time" : "20160831T124600+0100"
      }, {
        "lat" : 55.948417,
        "lon" : -3.1841723,
        "time" : "20160831T124628+0100"
      }, {
        "lat" : 55.948377,
        "lon" : -3.1840814,
        "time" : "20160831T124644+0100"
      }, {
        "lat" : 55.948412,
        "lon" : -3.1842721,
        "time" : "20160831T124707+0100"
      }, {
        "lat" : 55.948384,
        "lon" : -3.1842279,
        "time" : "20160831T124734+0100"
      } ]
    } ],
    "lastUpdate" : "20160831T154802Z"
  }, {
    "type" : "place",
    "startTime" : "20160831T124734+0100",
    "endTime" : "20160831T204237+0100",
    "place" : {
      "id" : 510267390,
      "name" : "Work",
      "type" : "work",
      "location" : {
        "lat" : 55.94838400000001,
        "lon" : -3.1842278999999998
      }
    },
    "activities" : [ {
      "activity" : "walking",
      "group" : "walking",
      "manual" : false,
      "startTime" : "20160831T135335+0100",
      "endTime" : "20160831T135355+0100",
      "duration" : 20.0,
      "distance" : 15.0,
      "steps" : 30,
      "trackPoints" : [ ]
    }, {
      "activity" : "walking",
      "group" : "walking",
      "manual" : false,
      "startTime" : "20160831T151311+0100",
      "endTime" : "20160831T151416+0100",
      "duration" : 65.0,
      "distance" : 41.0,
      "steps" : 83,
      "trackPoints" : [ ]
    }, {
      "activity" : "walking",
      "group" : "walking",
      "manual" : false,
      "startTime" : "20160831T171231+0100",
      "endTime" : "20160831T171303+0100",
      "duration" : 32.0,
      "distance" : 17.0,
      "steps" : 34,
      "trackPoints" : [ ]
    }, {
      "activity" : "walking",
      "group" : "walking",
      "manual" : false,
      "startTime" : "20160831T203828+0100",
      "endTime" : "20160831T204117+0100",
      "duration" : 169.0,
      "distance" : 127.0,
      "steps" : 161,
      "trackPoints" : [ ]
    } ],
    "lastUpdate" : "20180618T133439Z"
  }, {
    "type" : "move",
    "startTime" : "20160831T204237+0100",
    "endTime" : "20160831T210235+0100",
    "activities" : [ {
      "activity" : "cycling",
      "group" : "cycling",
      "manual" : false,
      "startTime" : "20160831T204237+0100",
      "endTime" : "20160831T210235+0100",
      "duration" : 1198.0,
      "distance" : 6288.0,
      "trackPoints" : [ {
        "lat" : 55.948384,
        "lon" : -3.1842279,
        "time" : "20160831T204237+0100"
      }, {
        "lat" : 55.948009,
        "lon" : -3.1859234,
        "time" : "20160831T204308+0100"
      }, {
        "lat" : 55.947938,
        "lon" : -3.1864893,
        "time" : "20160831T204325+0100"
      }, {
        "lat" : 55.947919,
        "lon" : -3.1865986,
        "time" : "20160831T204347+0100"
      }, {
        "lat" : 55.947946,
        "lon" : -3.186828,
        "time" : "20160831T204410+0100"
      }, {
        "lat" : 55.947912,
        "lon" : -3.1874655,
        "time" : "20160831T204428+0100"
      }, {
        "lat" : 55.947471,
        "lon" : -3.1895907,
        "time" : "20160831T204450+0100"
      }, {
        "lat" : 55.94704,
        "lon" : -3.1909614,
        "time" : "20160831T204508+0100"
      }, {
        "lat" : 55.945901,
        "lon" : -3.1901136,
        "time" : "20160831T204534+0100"
      }, {
        "lat" : 55.945194,
        "lon" : -3.1913253,
        "time" : "20160831T204554+0100"
      }, {
        "lat" : 55.945051,
        "lon" : -3.1936287,
        "time" : "20160831T204611+0100"
      }, {
        "lat" : 55.944922,
        "lon" : -3.1965375,
        "time" : "20160831T204638+0100"
      }, {
        "lat" : 55.944957,
        "lon" : -3.1986662,
        "time" : "20160831T204659+0100"
      }, {
        "lat" : 55.944909,
        "lon" : -3.1996518,
        "time" : "20160831T204715+0100"
      }, {
        "lat" : 55.944723,
        "lon" : -3.2004392,
        "time" : "20160831T204738+0100"
      }, {
        "lat" : 55.943937,
        "lon" : -3.2033975,
        "time" : "20160831T204833+0100"
      }, {
        "lat" : 55.943805,
        "lon" : -3.2038868,
        "time" : "20160831T204849+0100"
      }, {
        "lat" : 55.94381,
        "lon" : -3.2061063,
        "time" : "20160831T204914+0100"
      }, {
        "lat" : 55.94354,
        "lon" : -3.2079076,
        "time" : "20160831T204935+0100"
      }, {
        "lat" : 55.943078,
        "lon" : -3.2085543,
        "time" : "20160831T204958+0100"
      }, {
        "lat" : 55.942517,
        "lon" : -3.2090544,
        "time" : "20160831T205018+0100"
      }, {
        "lat" : 55.941637,
        "lon" : -3.2108751,
        "time" : "20160831T205054+0100"
      }, {
        "lat" : 55.941157,
        "lon" : -3.2117201,
        "time" : "20160831T205113+0100"
      }, {
        "lat" : 55.940816,
        "lon" : -3.2127622,
        "time" : "20160831T205129+0100"
      }, {
        "lat" : 55.939512,
        "lon" : -3.2163424,
        "time" : "20160831T205211+0100"
      }, {
        "lat" : 55.939321,
        "lon" : -3.2168162,
        "time" : "20160831T205232+0100"
      }, {
        "lat" : 55.938791,
        "lon" : -3.2181926,
        "time" : "20160831T205251+0100"
      }, {
        "lat" : 55.938421,
        "lon" : -3.2190411,
        "time" : "20160831T205308+0100"
      }, {
        "lat" : 55.93796,
        "lon" : -3.2201777,
        "time" : "20160831T205326+0100"
      }, {
        "lat" : 55.937243,
        "lon" : -3.2216185,
        "time" : "20160831T205347+0100"
      }, {
        "lat" : 55.933216,
        "lon" : -3.2254231,
        "time" : "20160831T205529+0100"
      }, {
        "lat" : 55.932431,
        "lon" : -3.2262999,
        "time" : "20160831T205548+0100"
      }, {
        "lat" : 55.93152,
        "lon" : -3.2266634,
        "time" : "20160831T205604+0100"
      }, {
        "lat" : 55.931096,
        "lon" : -3.2271568,
        "time" : "20160831T205620+0100"
      }, {
        "lat" : 55.930163,
        "lon" : -3.2275205,
        "time" : "20160831T205639+0100"
      }, {
        "lat" : 55.924853,
        "lon" : -3.2391987,
        "time" : "20160831T205911+0100"
      }, {
        "lat" : 55.924168,
        "lon" : -3.2409672,
        "time" : "20160831T205934+0100"
      }, {
        "lat" : 55.924391,
        "lon" : -3.2427163,
        "time" : "20160831T205950+0100"
      }, {
        "lat" : 55.92426,
        "lon" : -3.2435423,
        "time" : "20160831T205959+0100"
      }, {
        "lat" : 55.92426,
        "lon" : -3.2435432,
        "time" : "20160831T210000+0100"
      }, {
        "lat" : 55.924136,
        "lon" : -3.2443222,
        "time" : "20160831T210008+0100"
      }, {
        "lat" : 55.923924,
        "lon" : -3.2453559,
        "time" : "20160831T210024+0100"
      }, {
        "lat" : 55.92381,
        "lon" : -3.2471949,
        "time" : "20160831T210054+0100"
      }, {
        "lat" : 55.923927,
        "lon" : -3.2480715,
        "time" : "20160831T210110+0100"
      }, {
        "lat" : 55.924219,
        "lon" : -3.2491825,
        "time" : "20160831T210136+0100"
      }, {
        "lat" : 55.926292,
        "lon" : -3.2509906,
        "time" : "20160831T210235+0100"
      } ]
    } ],
    "lastUpdate" : "20160831T201541Z"
  }, {
    "type" : "place",
    "startTime" : "20160831T210236+0100",
    "endTime" : "20160901T095943+0100",
    "place" : {
      "id" : 510587786,
      "type" : "unknown",
      "location" : {
        "lat" : 55.926292,
        "lon" : -3.2509906
      }
    },
    "activities" : [ {
      "activity" : "walking",
      "group" : "walking",
      "manual" : false,
      "startTime" : "20160831T210350+0100",
      "endTime" : "20160831T210553+0100",
      "duration" : 123.0,
      "distance" : 139.0,
      "steps" : 185,
      "trackPoints" : [ ]
    }, {
      "activity" : "walking",
      "group" : "walking",
      "manual" : false,
      "startTime" : "20160831T220809+0100",
      "endTime" : "20160831T221046+0100",
      "duration" : 157.0,
      "distance" : 118.0,
      "steps" : 102,
      "trackPoints" : [ ]
    } ],
    "lastUpdate" : "20160901T094641Z"
  } ],
  "lastUpdate" : "20180618T133439Z"
}, {
  "date" : "20160901",
  "summary" : [ {
    "activity" : "walking",
    "group" : "walking",
    "duration" : 383.0,
    "distance" : 297.0,
    "steps" : 597
  }, {
    "activity" : "cycling",
    "group" : "cycling",
    "duration" : 2176.0,
    "distance" : 12122.0
  }, {
    "activity" : "transport",
    "group" : "transport",
    "duration" : 494.0,
    "distance" : 2950.0
  } ],
  "segments" : [ {
    "type" : "place",
    "startTime" : "20160831T210236+0100",
    "endTime" : "20160901T095943+0100",
    "place" : {
      "id" : 510587786,
      "type" : "unknown",
      "location" : {
        "lat" : 55.926292,
        "lon" : -3.2509906
      }
    },
    "activities" : [ {
      "activity" : "walking",
      "group" : "walking",
      "manual" : false,
      "startTime" : "20160901T090236+0100",
      "endTime" : "20160901T090349+0100",
      "duration" : 73.0,
      "distance" : 47.0,
      "steps" : 95,
      "trackPoints" : [ ]
    } ],
    "lastUpdate" : "20160901T094641Z"
  }, {
    "type" : "move",
    "startTime" : "20160901T095943+0100",
    "endTime" : "20160901T101553+0100",
    "activities" : [ {
      "activity" : "cycling",
      "group" : "cycling",
      "manual" : false,
      "startTime" : "20160901T095943+0100",
      "endTime" : "20160901T101553+0100",
      "duration" : 970.0,
      "distance" : 5907.0,
      "trackPoints" : [ {
        "lat" : 55.926292,
        "lon" : -3.2509906,
        "time" : "20160901T095943+0100"
      }, {
        "lat" : 55.927496,
        "lon" : -3.2485685,
        "time" : "20160901T095959+0100"
      }, {
        "lat" : 55.927497,
        "lon" : -3.248567,
        "time" : "20160901T100000+0100"
      }, {
        "lat" : 55.927565,
        "lon" : -3.2484301,
        "time" : "20160901T100000+0100"
      }, {
        "lat" : 55.92768,
        "lon" : -3.2469743,
        "time" : "20160901T100016+0100"
      }, {
        "lat" : 55.927284,
        "lon" : -3.2456709,
        "time" : "20160901T100031+0100"
      }, {
        "lat" : 55.926855,
        "lon" : -3.2446957,
        "time" : "20160901T100103+0100"
      }, {
        "lat" : 55.926816,
        "lon" : -3.2442804,
        "time" : "20160901T100123+0100"
      }, {
        "lat" : 55.927362,
        "lon" : -3.2429882,
        "time" : "20160901T100158+0100"
      }, {
        "lat" : 55.928932,
        "lon" : -3.2406849,
        "time" : "20160901T100225+0100"
      }, {
        "lat" : 55.931119,
        "lon" : -3.2379936,
        "time" : "20160901T100257+0100"
      }, {
        "lat" : 55.93247,
        "lon" : -3.236499,
        "time" : "20160901T100317+0100"
      }, {
        "lat" : 55.933617,
        "lon" : -3.2345832,
        "time" : "20160901T100338+0100"
      }, {
        "lat" : 55.934536,
        "lon" : -3.2325358,
        "time" : "20160901T100402+0100"
      }, {
        "lat" : 55.935638,
        "lon" : -3.2301862,
        "time" : "20160901T100424+0100"
      }, {
        "lat" : 55.936483,
        "lon" : -3.2283168,
        "time" : "20160901T100441+0100"
      }, {
        "lat" : 55.937626,
        "lon" : -3.2257999,
        "time" : "20160901T100503+0100"
      }, {
        "lat" : 55.938894,
        "lon" : -3.2234791,
        "time" : "20160901T100526+0100"
      }, {
        "lat" : 55.939855,
        "lon" : -3.2208161,
        "time" : "20160901T100600+0100"
      }, {
        "lat" : 55.940255,
        "lon" : -3.2188119,
        "time" : "20160901T100625+0100"
      }, {
        "lat" : 55.940749,
        "lon" : -3.2170997,
        "time" : "20160901T100642+0100"
      }, {
        "lat" : 55.941509,
        "lon" : -3.2152285,
        "time" : "20160901T100659+0100"
      }, {
        "lat" : 55.942262,
        "lon" : -3.2134235,
        "time" : "20160901T100717+0100"
      }, {
        "lat" : 55.943188,
        "lon" : -3.2092236,
        "time" : "20160901T100753+0100"
      }, {
        "lat" : 55.943589,
        "lon" : -3.2080385,
        "time" : "20160901T100812+0100"
      }, {
        "lat" : 55.944504,
        "lon" : -3.2065899,
        "time" : "20160901T100836+0100"
      }, {
        "lat" : 55.945691,
        "lon" : -3.2068059,
        "time" : "20160901T100907+0100"
      }, {
        "lat" : 55.945749,
        "lon" : -3.2059915,
        "time" : "20160901T100922+0100"
      }, {
        "lat" : 55.945815,
        "lon" : -3.2039011,
        "time" : "20160901T100948+0100"
      }, {
        "lat" : 55.945753,
        "lon" : -3.2022557,
        "time" : "20160901T101011+0100"
      }, {
        "lat" : 55.945142,
        "lon" : -3.200719,
        "time" : "20160901T101033+0100"
      }, {
        "lat" : 55.944878,
        "lon" : -3.2002756,
        "time" : "20160901T101051+0100"
      }, {
        "lat" : 55.944858,
        "lon" : -3.2000838,
        "time" : "20160901T101116+0100"
      }, {
        "lat" : 55.944827,
        "lon" : -3.1999785,
        "time" : "20160901T101139+0100"
      }, {
        "lat" : 55.944914,
        "lon" : -3.1992514,
        "time" : "20160901T101204+0100"
      }, {
        "lat" : 55.945148,
        "lon" : -3.1945188,
        "time" : "20160901T101306+0100"
      }, {
        "lat" : 55.946398,
        "lon" : -3.1908988,
        "time" : "20160901T101409+0100"
      }, {
        "lat" : 55.946771,
        "lon" : -3.1906258,
        "time" : "20160901T101429+0100"
      }, {
        "lat" : 55.947324,
        "lon" : -3.1896814,
        "time" : "20160901T101447+0100"
      }, {
        "lat" : 55.947917,
        "lon" : -3.1872826,
        "time" : "20160901T101508+0100"
      }, {
        "lat" : 55.948012,
        "lon" : -3.1864716,
        "time" : "20160901T101530+0100"
      }, {
        "lat" : 55.948384,
        "lon" : -3.1842279,
        "time" : "20160901T101553+0100"
      } ]
    } ],
    "lastUpdate" : "20160901T094641Z"
  }, {
    "type" : "place",
    "startTime" : "20160901T101553+0100",
    "endTime" : "20160901T190745+0100",
    "place" : {
      "id" : 510267390,
      "name" : "Work",
      "type" : "work",
      "location" : {
        "lat" : 55.94838400000001,
        "lon" : -3.1842278999999998
      }
    },
    "activities" : [ {
      "activity" : "walking",
      "group" : "walking",
      "manual" : false,
      "startTime" : "20160901T101845+0100",
      "endTime" : "20160901T101918+0100",
      "duration" : 33.0,
      "distance" : 25.0,
      "steps" : 50,
      "trackPoints" : [ ]
    }, {
      "activity" : "walking",
      "group" : "walking",
      "manual" : false,
      "startTime" : "20160901T171925+0100",
      "endTime" : "20160901T172024+0100",
      "duration" : 59.0,
      "distance" : 51.0,
      "steps" : 102,
      "trackPoints" : [ ]
    }, {
      "activity" : "walking",
      "group" : "walking",
      "manual" : false,
      "startTime" : "20160901T190617+0100",
      "endTime" : "20160901T190716+0100",
      "duration" : 59.0,
      "distance" : 56.0,
      "steps" : 112,
      "trackPoints" : [ ]
    } ],
    "lastUpdate" : "20180618T133439Z"
  }, {
    "type" : "move",
    "startTime" : "20160901T190745+0100",
    "endTime" : "20160901T192752+0100",
    "activities" : [ {
      "activity" : "cycling",
      "group" : "cycling",
      "manual" : false,
      "startTime" : "20160901T190745+0100",
      "endTime" : "20160901T192751+0100",
      "duration" : 1206.0,
      "distance" : 6215.0,
      "trackPoints" : [ {
        "lat" : 55.948384,
        "lon" : -3.1842279,
        "time" : "20160901T190745+0100"
      }, {
        "lat" : 55.948354,
        "lon" : -3.1847936,
        "time" : "20160901T190808+0100"
      }, {
        "lat" : 55.947876,
        "lon" : -3.1863285,
        "time" : "20160901T190842+0100"
      }, {
        "lat" : 55.947216,
        "lon" : -3.1861511,
        "time" : "20160901T190912+0100"
      }, {
        "lat" : 55.947094,
        "lon" : -3.186726,
        "time" : "20160901T190928+0100"
      }, {
        "lat" : 55.94693,
        "lon" : -3.1875099,
        "time" : "20160901T190944+0100"
      }, {
        "lat" : 55.946622,
        "lon" : -3.1882812,
        "time" : "20160901T191001+0100"
      }, {
        "lat" : 55.94611,
        "lon" : -3.1886945,
        "time" : "20160901T191020+0100"
      }, {
        "lat" : 55.945808,
        "lon" : -3.1893672,
        "time" : "20160901T191041+0100"
      }, {
        "lat" : 55.945615,
        "lon" : -3.18973,
        "time" : "20160901T191057+0100"
      }, {
        "lat" : 55.945281,
        "lon" : -3.1905971,
        "time" : "20160901T191114+0100"
      }, {
        "lat" : 55.943781,
        "lon" : -3.1914897,
        "time" : "20160901T191147+0100"
      }, {
        "lat" : 55.942428,
        "lon" : -3.1940717,
        "time" : "20160901T191227+0100"
      }, {
        "lat" : 55.942124,
        "lon" : -3.200213,
        "time" : "20160901T191329+0100"
      }, {
        "lat" : 55.943066,
        "lon" : -3.2020227,
        "time" : "20160901T191404+0100"
      }, {
        "lat" : 55.943648,
        "lon" : -3.2031379,
        "time" : "20160901T191427+0100"
      }, {
        "lat" : 55.943624,
        "lon" : -3.2047371,
        "time" : "20160901T191449+0100"
      }, {
        "lat" : 55.943715,
        "lon" : -3.2060197,
        "time" : "20160901T191509+0100"
      }, {
        "lat" : 55.943424,
        "lon" : -3.2084225,
        "time" : "20160901T191539+0100"
      }, {
        "lat" : 55.943109,
        "lon" : -3.2096308,
        "time" : "20160901T191555+0100"
      }, {
        "lat" : 55.942556,
        "lon" : -3.2116402,
        "time" : "20160901T191611+0100"
      }, {
        "lat" : 55.942309,
        "lon" : -3.2128463,
        "time" : "20160901T191629+0100"
      }, {
        "lat" : 55.941661,
        "lon" : -3.2147858,
        "time" : "20160901T191652+0100"
      }, {
        "lat" : 55.940906,
        "lon" : -3.2167453,
        "time" : "20160901T191717+0100"
      }, {
        "lat" : 55.940251,
        "lon" : -3.2186113,
        "time" : "20160901T191745+0100"
      }, {
        "lat" : 55.939903,
        "lon" : -3.220329,
        "time" : "20160901T191802+0100"
      }, {
        "lat" : 55.939277,
        "lon" : -3.2221567,
        "time" : "20160901T191830+0100"
      }, {
        "lat" : 55.938173,
        "lon" : -3.2237541,
        "time" : "20160901T191853+0100"
      }, {
        "lat" : 55.936549,
        "lon" : -3.2243901,
        "time" : "20160901T191929+0100"
      }, {
        "lat" : 55.935219,
        "lon" : -3.2262657,
        "time" : "20160901T192008+0100"
      }, {
        "lat" : 55.934584,
        "lon" : -3.2271365,
        "time" : "20160901T192031+0100"
      }, {
        "lat" : 55.933488,
        "lon" : -3.2291221,
        "time" : "20160901T192103+0100"
      }, {
        "lat" : 55.933677,
        "lon" : -3.2302591,
        "time" : "20160901T192122+0100"
      }, {
        "lat" : 55.934438,
        "lon" : -3.2315775,
        "time" : "20160901T192137+0100"
      }, {
        "lat" : 55.934568,
        "lon" : -3.2322262,
        "time" : "20160901T192153+0100"
      }, {
        "lat" : 55.934435,
        "lon" : -3.2327559,
        "time" : "20160901T192216+0100"
      }, {
        "lat" : 55.93428,
        "lon" : -3.2333136,
        "time" : "20160901T192234+0100"
      }, {
        "lat" : 55.934131,
        "lon" : -3.233569,
        "time" : "20160901T192249+0100"
      }, {
        "lat" : 55.933764,
        "lon" : -3.2342812,
        "time" : "20160901T192305+0100"
      }, {
        "lat" : 55.932771,
        "lon" : -3.2359422,
        "time" : "20160901T192326+0100"
      }, {
        "lat" : 55.931694,
        "lon" : -3.237308,
        "time" : "20160901T192350+0100"
      }, {
        "lat" : 55.930987,
        "lon" : -3.2381702,
        "time" : "20160901T192410+0100"
      }, {
        "lat" : 55.930233,
        "lon" : -3.2391377,
        "time" : "20160901T192438+0100"
      }, {
        "lat" : 55.929017,
        "lon" : -3.2405438,
        "time" : "20160901T192503+0100"
      }, {
        "lat" : 55.928227,
        "lon" : -3.2412681,
        "time" : "20160901T192519+0100"
      }, {
        "lat" : 55.927134,
        "lon" : -3.2433953,
        "time" : "20160901T192549+0100"
      }, {
        "lat" : 55.926802,
        "lon" : -3.2448588,
        "time" : "20160901T192609+0100"
      }, {
        "lat" : 55.927062,
        "lon" : -3.2459585,
        "time" : "20160901T192634+0100"
      }, {
        "lat" : 55.927382,
        "lon" : -3.2475599,
        "time" : "20160901T192653+0100"
      }, {
        "lat" : 55.92694,
        "lon" : -3.2494677,
        "time" : "20160901T192719+0100"
      }, {
        "lat" : 55.926473,
        "lon" : -3.2503932,
        "time" : "20160901T192735+0100"
      }, {
        "lat" : 55.926292,
        "lon" : -3.2509906,
        "time" : "20160901T192752+0100"
      } ]
    } ],
    "lastUpdate" : "20160901T190811Z"
  }, {
    "type" : "place",
    "startTime" : "20160901T192752+0100",
    "endTime" : "20160901T205939+0100",
    "place" : {
      "id" : 510587786,
      "type" : "unknown",
      "location" : {
        "lat" : 55.926292,
        "lon" : -3.2509906
      }
    },
    "activities" : [ {
      "activity" : "walking",
      "group" : "walking",
      "manual" : false,
      "startTime" : "20160901T192919+0100",
      "endTime" : "20160901T192939+0100",
      "duration" : 20.0,
      "distance" : 15.0,
      "steps" : 30,
      "trackPoints" : [ ]
    }, {
      "activity" : "walking",
      "group" : "walking",
      "manual" : false,
      "startTime" : "20160901T203313+0100",
      "endTime" : "20160901T203429+0100",
      "duration" : 76.0,
      "distance" : 56.0,
      "steps" : 113,
      "trackPoints" : [ ]
    } ],
    "lastUpdate" : "20160901T212818Z"
  }, {
    "type" : "move",
    "startTime" : "20160901T205939+0100",
    "endTime" : "20160901T210459+0100",
    "activities" : [ {
      "activity" : "transport",
      "group" : "transport",
      "manual" : false,
      "startTime" : "20160901T205939+0100",
      "endTime" : "20160901T210459+0100",
      "duration" : 320.0,
      "distance" : 1649.0,
      "trackPoints" : [ {
        "lat" : 55.926292,
        "lon" : -3.2509906,
        "time" : "20160901T205939+0100"
      }, {
        "lat" : 55.92687,
        "lon" : -3.2497048,
        "time" : "20160901T205959+0100"
      }, {
        "lat" : 55.92687,
        "lon" : -3.2497041,
        "time" : "20160901T210000+0100"
      }, {
        "lat" : 55.926874,
        "lon" : -3.2496969,
        "time" : "20160901T210000+0100"
      }, {
        "lat" : 55.927668,
        "lon" : -3.2476907,
        "time" : "20160901T210021+0100"
      }, {
        "lat" : 55.927091,
        "lon" : -3.2464411,
        "time" : "20160901T210044+0100"
      }, {
        "lat" : 55.926872,
        "lon" : -3.2452527,
        "time" : "20160901T210101+0100"
      }, {
        "lat" : 55.926574,
        "lon" : -3.2450709,
        "time" : "20160901T210134+0100"
      }, {
        "lat" : 55.926552,
        "lon" : -3.2450784,
        "time" : "20160901T210153+0100"
      }, {
        "lat" : 55.92485,
        "lon" : -3.2458898,
        "time" : "20160901T210217+0100"
      }, {
        "lat" : 55.924604,
        "lon" : -3.2459533,
        "time" : "20160901T210240+0100"
      }, {
        "lat" : 55.924034,
        "lon" : -3.2450051,
        "time" : "20160901T210308+0100"
      }, {
        "lat" : 55.923409,
        "lon" : -3.2369855,
        "time" : "20160901T210436+0100"
      }, {
        "lat" : 55.923153,
        "lon" : -3.2342842,
        "time" : "20160901T210459+0100"
      } ]
    } ],
    "lastUpdate" : "20160901T212818Z"
  }, {
    "type" : "place",
    "startTime" : "20160901T210459+0100",
    "endTime" : "20160901T222419+0100",
    "place" : {
      "id" : 511167123,
      "type" : "unknown",
      "location" : {
        "lat" : 55.923153,
        "lon" : -3.2342842
      }
    },
    "activities" : [ {
      "activity" : "walking",
      "group" : "walking",
      "manual" : false,
      "startTime" : "20160901T210640+0100",
      "endTime" : "20160901T210659+0100",
      "duration" : 19.0,
      "distance" : 15.0,
      "steps" : 30,
      "trackPoints" : [ ]
    } ],
    "lastUpdate" : "20160901T214426Z"
  }, {
    "type" : "move",
    "startTime" : "20160901T222419+0100",
    "endTime" : "20160901T222713+0100",
    "activities" : [ {
      "activity" : "transport",
      "group" : "transport",
      "manual" : false,
      "startTime" : "20160901T222419+0100",
      "endTime" : "20160901T222713+0100",
      "duration" : 174.0,
      "distance" : 1301.0,
      "trackPoints" : [ {
        "lat" : 55.923153,
        "lon" : -3.2342842,
        "time" : "20160901T222419+0100"
      }, {
        "lat" : 55.923721,
        "lon" : -3.236924,
        "time" : "20160901T222520+0100"
      }, {
        "lat" : 55.925049,
        "lon" : -3.2458615,
        "time" : "20160901T222553+0100"
      }, {
        "lat" : 55.925694,
        "lon" : -3.2462316,
        "time" : "20160901T222615+0100"
      }, {
        "lat" : 55.926292,
        "lon" : -3.2509906,
        "time" : "20160901T222713+0100"
      } ]
    } ],
    "lastUpdate" : "20160901T214426Z"
  }, {
    "type" : "place",
    "startTime" : "20160901T222714+0100",
    "endTime" : "20160902T031437+0100",
    "place" : {
      "id" : 510587786,
      "type" : "unknown",
      "location" : {
        "lat" : 55.926292,
        "lon" : -3.2509906
      }
    },
    "activities" : [ {
      "activity" : "walking",
      "group" : "walking",
      "manual" : false,
      "startTime" : "20160901T222932+0100",
      "endTime" : "20160901T222951+0100",
      "duration" : 19.0,
      "distance" : 15.0,
      "steps" : 30,
      "trackPoints" : [ ]
    }, {
      "activity" : "walking",
      "group" : "walking",
      "manual" : false,
      "startTime" : "20160901T230101+0100",
      "endTime" : "20160901T230126+0100",
      "duration" : 25.0,
      "distance" : 17.0,
      "steps" : 35,
      "trackPoints" : [ ]
    } ],
    "lastUpdate" : "20160902T021441Z"
  } ],
  "lastUpdate" : "20180618T133439Z"
}, {
  "date" : "20160902",
  "summary" : [ {
    "activity" : "walking",
    "group" : "walking",
    "duration" : 29.0,
    "distance" : 14.0,
    "steps" : 20
  } ],
  "segments" : [ {
    "type" : "place",
    "startTime" : "20160901T222714+0100",
    "endTime" : "20160902T031437+0100",
    "place" : {
      "id" : 510587786,
      "type" : "unknown",
      "location" : {
        "lat" : 55.926292,
        "lon" : -3.2509906
      }
    },
    "activities" : [ {
      "activity" : "walking",
      "group" : "walking",
      "manual" : false,
      "startTime" : "20160902T004143+0100",
      "endTime" : "20160902T004212+0100",
      "duration" : 29.0,
      "distance" : 14.0,
      "steps" : 20,
      "trackPoints" : [ ]
    } ],
    "lastUpdate" : "20160902T021441Z"
  } ],
  "lastUpdate" : "20160902T021441Z"
}, {
  "date" : "20180618",
  "summary" : [ {
    "activity" : "walking",
    "group" : "walking",
    "duration" : 1360.0,
    "distance" : 1254.0,
    "steps" : 2035
  }, {
    "activity" : "cycling",
    "group" : "cycling",
    "duration" : 711.0,
    "distance" : 3611.0
  } ],
  "segments" : [ {
    "type" : "place",
    "startTime" : "20180618T131758+0100",
    "endTime" : "20180618T164704+0100",
    "place" : {
      "id" : 510267390,
      "name" : "Work",
      "type" : "work",
      "location" : {
        "lat" : 55.94838400000001,
        "lon" : -3.1842278999999998
      }
    },
    "lastUpdate" : "20180618T161322Z"
  }, {
    "type" : "move",
    "startTime" : "20180618T164704+0100",
    "endTime" : "20180618T165129+0100",
    "activities" : [ {
      "activity" : "walking",
      "group" : "walking",
      "manual" : false,
      "startTime" : "20180618T164704+0100",
      "endTime" : "20180618T165128+0100",
      "duration" : 264.0,
      "distance" : 215.0,
      "steps" : 408,
      "trackPoints" : [ {
        "lat" : 55.948384,
        "lon" : -3.1842279,
        "time" : "20180618T164704+0100"
      }, {
        "lat" : 55.9484,
        "lon" : -3.184438,
        "time" : "20180618T164735+0100"
      }, {
        "lat" : 55.948443,
        "lon" : -3.1845917,
        "time" : "20180618T164807+0100"
      }, {
        "lat" : 55.948236,
        "lon" : -3.1850649,
        "time" : "20180618T164855+0100"
      }, {
        "lat" : 55.948149,
        "lon" : -3.1853973,
        "time" : "20180618T164911+0100"
      }, {
        "lat" : 55.947998,
        "lon" : -3.1865367,
        "time" : "20180618T165019+0100"
      }, {
        "lat" : 55.948023,
        "lon" : -3.1866439,
        "time" : "20180618T165035+0100"
      }, {
        "lat" : 55.948267,
        "lon" : -3.1866987,
        "time" : "20180618T165104+0100"
      }, {
        "lat" : 55.94829,
        "lon" : -3.1866486,
        "time" : "20180618T165129+0100"
      } ]
    } ],
    "lastUpdate" : "20180618T161322Z"
  }, {
    "type" : "place",
    "startTime" : "20180618T165129+0100",
    "endTime" : "20180618T173015+0100",
    "place" : {
      "id" : 510321770,
      "name" : "Costa Coffee",
      "type" : "facebook",
      "facebookPlaceId" : "416277641848804",
      "location" : {
        "lat" : 55.948495452493,
        "lon" : -3.1869095563889
      }
    },
    "activities" : [ {
      "activity" : "walking",
      "group" : "walking",
      "manual" : false,
      "startTime" : "20180618T165129+0100",
      "endTime" : "20180618T165148+0100",
      "duration" : 19.0,
      "distance" : 15.0,
      "steps" : 30,
      "trackPoints" : [ ]
    } ],
    "lastUpdate" : "20180618T174450Z"
  }, {
    "type" : "move",
    "startTime" : "20180618T173015+0100",
    "endTime" : "20180618T173426+0100",
    "activities" : [ {
      "activity" : "walking",
      "group" : "walking",
      "manual" : false,
      "startTime" : "20180618T173015+0100",
      "endTime" : "20180618T173425+0100",
      "duration" : 250.0,
      "distance" : 233.0,
      "steps" : 467,
      "trackPoints" : [ {
        "lat" : 55.948495,
        "lon" : -3.1869096,
        "time" : "20180618T173015+0100"
      }, {
        "lat" : 55.948326,
        "lon" : -3.1867255,
        "time" : "20180618T173037+0100"
      }, {
        "lat" : 55.948217,
        "lon" : -3.1866653,
        "time" : "20180618T173115+0100"
      }, {
        "lat" : 55.948066,
        "lon" : -3.1865066,
        "time" : "20180618T173141+0100"
      }, {
        "lat" : 55.948042,
        "lon" : -3.1860336,
        "time" : "20180618T173211+0100"
      }, {
        "lat" : 55.948071,
        "lon" : -3.1854462,
        "time" : "20180618T173234+0100"
      }, {
        "lat" : 55.948273,
        "lon" : -3.185101,
        "time" : "20180618T173258+0100"
      }, {
        "lat" : 55.948417,
        "lon" : -3.1845551,
        "time" : "20180618T173356+0100"
      }, {
        "lat" : 55.948384,
        "lon" : -3.1842279,
        "time" : "20180618T173426+0100"
      } ]
    } ],
    "lastUpdate" : "20180618T174450Z"
  }, {
    "type" : "place",
    "startTime" : "20180618T173426+0100",
    "endTime" : "20180618T193846+0100",
    "place" : {
      "id" : 510267390,
      "name" : "Work",
      "type" : "work",
      "location" : {
        "lat" : 55.94838400000001,
        "lon" : -3.1842278999999998
      }
    },
    "activities" : [ {
      "activity" : "walking",
      "group" : "walking",
      "manual" : false,
      "startTime" : "20180618T173426+0100",
      "endTime" : "20180618T173520+0100",
      "duration" : 54.0,
      "distance" : 41.0,
      "steps" : 82,
      "trackPoints" : [ ]
    }, {
      "activity" : "walking",
      "group" : "walking",
      "manual" : false,
      "startTime" : "20180618T185851+0100",
      "endTime" : "20180618T185925+0100",
      "duration" : 34.0,
      "distance" : 22.0,
      "steps" : 44,
      "trackPoints" : [ ]
    }, {
      "activity" : "walking",
      "group" : "walking",
      "manual" : false,
      "startTime" : "20180618T190117+0100",
      "endTime" : "20180618T190323+0100",
      "duration" : 126.0,
      "distance" : 140.0,
      "steps" : 187,
      "trackPoints" : [ ]
    } ],
    "lastUpdate" : "20180618T190316Z"
  }, {
    "type" : "move",
    "startTime" : "20180618T193846+0100",
    "endTime" : "20180618T195037+0100",
    "activities" : [ {
      "activity" : "cycling",
      "group" : "cycling",
      "manual" : false,
      "startTime" : "20180618T193846+0100",
      "endTime" : "20180618T195037+0100",
      "duration" : 711.0,
      "distance" : 3611.0,
      "trackPoints" : [ {
        "lat" : 55.948384,
        "lon" : -3.1842279,
        "time" : "20180618T193846+0100"
      }, {
        "lat" : 55.948674,
        "lon" : -3.1847297,
        "time" : "20180618T193904+0100"
      }, {
        "lat" : 55.948933,
        "lon" : -3.1853747,
        "time" : "20180618T193920+0100"
      }, {
        "lat" : 55.948748,
        "lon" : -3.1865888,
        "time" : "20180618T193940+0100"
      }, {
        "lat" : 55.948395,
        "lon" : -3.1891095,
        "time" : "20180618T194008+0100"
      }, {
        "lat" : 55.948385,
        "lon" : -3.1906166,
        "time" : "20180618T194030+0100"
      }, {
        "lat" : 55.948247,
        "lon" : -3.1916866,
        "time" : "20180618T194049+0100"
      }, {
        "lat" : 55.947961,
        "lon" : -3.1940995,
        "time" : "20180618T194115+0100"
      }, {
        "lat" : 55.947132,
        "lon" : -3.1969211,
        "time" : "20180618T194141+0100"
      }, {
        "lat" : 55.946535,
        "lon" : -3.199152,
        "time" : "20180618T194224+0100"
      }, {
        "lat" : 55.946239,
        "lon" : -3.2005644,
        "time" : "20180618T194243+0100"
      }, {
        "lat" : 55.945508,
        "lon" : -3.2028274,
        "time" : "20180618T194315+0100"
      }, {
        "lat" : 55.944853,
        "lon" : -3.2045497,
        "time" : "20180618T194342+0100"
      }, {
        "lat" : 55.944651,
        "lon" : -3.2055428,
        "time" : "20180618T194410+0100"
      }, {
        "lat" : 55.944306,
        "lon" : -3.206484,
        "time" : "20180618T194426+0100"
      }, {
        "lat" : 55.943443,
        "lon" : -3.2080019,
        "time" : "20180618T194451+0100"
      }, {
        "lat" : 55.942685,
        "lon" : -3.2113024,
        "time" : "20180618T194523+0100"
      }, {
        "lat" : 55.941211,
        "lon" : -3.215454,
        "time" : "20180618T194618+0100"
      }, {
        "lat" : 55.939983,
        "lon" : -3.2201072,
        "time" : "20180618T194800+0100"
      }, {
        "lat" : 55.938422,
        "lon" : -3.2237391,
        "time" : "20180618T194844+0100"
      }, {
        "lat" : 55.937113,
        "lon" : -3.2255837,
        "time" : "20180618T194919+0100"
      }, {
        "lat" : 55.936201,
        "lon" : -3.2266848,
        "time" : "20180618T194939+0100"
      }, {
        "lat" : 55.935498,
        "lon" : -3.2278099,
        "time" : "20180618T194955+0100"
      }, {
        "lat" : 55.93454,
        "lon" : -3.2284972,
        "time" : "20180618T195018+0100"
      }, {
        "lat" : 55.934491,
        "lon" : -3.2283126,
        "time" : "20180618T195037+0100"
      } ]
    } ],
    "lastUpdate" : "20180618T190316Z"
  }, {
    "type" : "place",
    "startTime" : "20180618T195037+0100",
    "endTime" : "20180619T095615+0100",
    "place" : {
      "id" : 787103581,
      "name" : "Home",
      "type" : "home",
      "location" : {
        "lat" : 55.93449111680904,
        "lon" : -3.228312634811668
      }
    },
    "activities" : [ {
      "activity" : "walking",
      "group" : "walking",
      "manual" : false,
      "startTime" : "20180618T195037+0100",
      "endTime" : "20180618T195501+0100",
      "duration" : 264.0,
      "distance" : 297.0,
      "steps" : 396,
      "trackPoints" : [ ]
    }, {
      "activity" : "walking",
      "group" : "walking",
      "manual" : false,
      "startTime" : "20180618T200403+0100",
      "endTime" : "20180618T200434+0100",
      "duration" : 31.0,
      "distance" : 23.0,
      "steps" : 47,
      "trackPoints" : [ ]
    }, {
      "activity" : "walking",
      "group" : "walking",
      "manual" : false,
      "startTime" : "20180618T213121+0100",
      "endTime" : "20180618T213258+0100",
      "duration" : 97.0,
      "distance" : 52.0,
      "steps" : 104,
      "trackPoints" : [ ]
    }, {
      "activity" : "walking",
      "group" : "walking",
      "manual" : false,
      "startTime" : "20180618T222041+0100",
      "endTime" : "20180618T222353+0100",
      "duration" : 192.0,
      "distance" : 202.0,
      "steps" : 270,
      "trackPoints" : [ ]
    }, {
      "activity" : "walking",
      "group" : "walking",
      "manual" : false,
      "startTime" : "20180618T230549+0100",
      "endTime" : "20180618T230618+0100",
      "duration" : 29.0,
      "distance" : 14.0,
      "steps" : 0,
      "trackPoints" : [ ]
    } ],
    "lastUpdate" : "20180619T100046Z"
  } ],
  "lastUpdate" : "20180619T100046Z"
}, {
  "date" : "20180619",
  "summary" : [ {
    "activity" : "walking",
    "group" : "walking",
    "duration" : 3519.0,
    "distance" : 3978.0,
    "steps" : 5468
  }, {
    "activity" : "cycling",
    "group" : "cycling",
    "duration" : 805.0,
    "distance" : 3880.0
  }, {
    "activity" : "transport",
    "group" : "transport",
    "duration" : 1668.0,
    "distance" : 6974.0
  } ],
  "segments" : [ {
    "type" : "place",
    "startTime" : "20180618T195037+0100",
    "endTime" : "20180619T095615+0100",
    "place" : {
      "id" : 787103581,
      "name" : "Home",
      "type" : "home",
      "location" : {
        "lat" : 55.93449111680904,
        "lon" : -3.228312634811668
      }
    },
    "activities" : [ {
      "activity" : "walking",
      "group" : "walking",
      "manual" : false,
      "startTime" : "20180619T092948+0100",
      "endTime" : "20180619T093316+0100",
      "duration" : 208.0,
      "distance" : 235.0,
      "steps" : 313,
      "trackPoints" : [ ]
    } ],
    "lastUpdate" : "20180619T100046Z"
  }, {
    "type" : "move",
    "startTime" : "20180619T095615+0100",
    "endTime" : "20180619T100940+0100",
    "activities" : [ {
      "activity" : "cycling",
      "group" : "cycling",
      "manual" : false,
      "startTime" : "20180619T095615+0100",
      "endTime" : "20180619T100940+0100",
      "duration" : 805.0,
      "distance" : 3880.0,
      "trackPoints" : [ {
        "lat" : 55.934491,
        "lon" : -3.2283126,
        "time" : "20180619T095615+0100"
      }, {
        "lat" : 55.936385,
        "lon" : -3.2247704,
        "time" : "20180619T095656+0100"
      }, {
        "lat" : 55.937282,
        "lon" : -3.223757,
        "time" : "20180619T095720+0100"
      }, {
        "lat" : 55.938783,
        "lon" : -3.2211108,
        "time" : "20180619T095756+0100"
      }, {
        "lat" : 55.939964,
        "lon" : -3.2195899,
        "time" : "20180619T095839+0100"
      }, {
        "lat" : 55.940362,
        "lon" : -3.2181815,
        "time" : "20180619T095859+0100"
      }, {
        "lat" : 55.94138,
        "lon" : -3.2159853,
        "time" : "20180619T095933+0100"
      }, {
        "lat" : 55.94139,
        "lon" : -3.2155647,
        "time" : "20180619T095959+0100"
      }, {
        "lat" : 55.94139,
        "lon" : -3.2155645,
        "time" : "20180619T100000+0100"
      }, {
        "lat" : 55.94139,
        "lon" : -3.2155549,
        "time" : "20180619T100000+0100"
      }, {
        "lat" : 55.943276,
        "lon" : -3.2091868,
        "time" : "20180619T100110+0100"
      }, {
        "lat" : 55.944112,
        "lon" : -3.2067175,
        "time" : "20180619T100137+0100"
      }, {
        "lat" : 55.944931,
        "lon" : -3.2063359,
        "time" : "20180619T100158+0100"
      }, {
        "lat" : 55.945742,
        "lon" : -3.2067313,
        "time" : "20180619T100220+0100"
      }, {
        "lat" : 55.945766,
        "lon" : -3.2061722,
        "time" : "20180619T100251+0100"
      }, {
        "lat" : 55.945786,
        "lon" : -3.2035592,
        "time" : "20180619T100340+0100"
      }, {
        "lat" : 55.94589,
        "lon" : -3.2015182,
        "time" : "20180619T100414+0100"
      }, {
        "lat" : 55.946292,
        "lon" : -3.2004621,
        "time" : "20180619T100430+0100"
      }, {
        "lat" : 55.946402,
        "lon" : -3.1988873,
        "time" : "20180619T100448+0100"
      }, {
        "lat" : 55.946863,
        "lon" : -3.1977823,
        "time" : "20180619T100523+0100"
      }, {
        "lat" : 55.947926,
        "lon" : -3.1929896,
        "time" : "20180619T100636+0100"
      }, {
        "lat" : 55.948586,
        "lon" : -3.1901411,
        "time" : "20180619T100708+0100"
      }, {
        "lat" : 55.948728,
        "lon" : -3.1887592,
        "time" : "20180619T100725+0100"
      }, {
        "lat" : 55.948432,
        "lon" : -3.1838237,
        "time" : "20180619T100841+0100"
      }, {
        "lat" : 55.948384,
        "lon" : -3.1842279,
        "time" : "20180619T100940+0100"
      } ]
    } ],
    "lastUpdate" : "20180619T100046Z"
  }, {
    "type" : "place",
    "startTime" : "20180619T100941+0100",
    "endTime" : "20180619T130416+0100",
    "place" : {
      "id" : 510267390,
      "name" : "Work",
      "type" : "work",
      "location" : {
        "lat" : 55.94838400000001,
        "lon" : -3.1842278999999998
      }
    },
    "activities" : [ {
      "activity" : "walking",
      "group" : "walking",
      "manual" : false,
      "startTime" : "20180619T100941+0100",
      "endTime" : "20180619T101041+0100",
      "duration" : 60.0,
      "distance" : 45.0,
      "steps" : 91,
      "trackPoints" : [ ]
    }, {
      "activity" : "walking",
      "group" : "walking",
      "manual" : false,
      "startTime" : "20180619T113838+0100",
      "endTime" : "20180619T114001+0100",
      "duration" : 83.0,
      "distance" : 52.0,
      "steps" : 105,
      "trackPoints" : [ ]
    }, {
      "activity" : "walking",
      "group" : "walking",
      "manual" : false,
      "startTime" : "20180619T130338+0100",
      "endTime" : "20180619T130415+0100",
      "duration" : 37.0,
      "distance" : 40.0,
      "steps" : 81,
      "trackPoints" : [ ]
    } ],
    "lastUpdate" : "20180619T121648Z"
  }, {
    "type" : "move",
    "startTime" : "20180619T130416+0100",
    "endTime" : "20180619T130902+0100",
    "activities" : [ {
      "activity" : "walking",
      "group" : "walking",
      "manual" : false,
      "startTime" : "20180619T130416+0100",
      "endTime" : "20180619T130902+0100",
      "duration" : 286.0,
      "distance" : 392.0,
      "steps" : 497,
      "trackPoints" : [ {
        "lat" : 55.948384,
        "lon" : -3.1842279,
        "time" : "20180619T130416+0100"
      }, {
        "lat" : 55.948325,
        "lon" : -3.1847841,
        "time" : "20180619T130434+0100"
      }, {
        "lat" : 55.948139,
        "lon" : -3.1856291,
        "time" : "20180619T130513+0100"
      }, {
        "lat" : 55.948049,
        "lon" : -3.1859462,
        "time" : "20180619T130534+0100"
      }, {
        "lat" : 55.947956,
        "lon" : -3.1860171,
        "time" : "20180619T130601+0100"
      }, {
        "lat" : 55.947661,
        "lon" : -3.1863475,
        "time" : "20180619T130625+0100"
      }, {
        "lat" : 55.947362,
        "lon" : -3.1864347,
        "time" : "20180619T130644+0100"
      }, {
        "lat" : 55.947255,
        "lon" : -3.1862477,
        "time" : "20180619T130659+0100"
      }, {
        "lat" : 55.946915,
        "lon" : -3.1858726,
        "time" : "20180619T130733+0100"
      }, {
        "lat" : 55.946394,
        "lon" : -3.185414,
        "time" : "20180619T130814+0100"
      }, {
        "lat" : 55.94619,
        "lon" : -3.1852657,
        "time" : "20180619T130839+0100"
      }, {
        "lat" : 55.946014,
        "lon" : -3.1851943,
        "time" : "20180619T130902+0100"
      } ]
    } ],
    "lastUpdate" : "20180619T121648Z"
  }, {
    "type" : "place",
    "startTime" : "20180619T130902+0100",
    "endTime" : "20180619T132633+0100",
    "place" : {
      "id" : 787221300,
      "type" : "unknown",
      "location" : {
        "lat" : 55.946014,
        "lon" : -3.1851943
      }
    },
    "activities" : [ {
      "activity" : "walking",
      "group" : "walking",
      "manual" : false,
      "startTime" : "20180619T130902+0100",
      "endTime" : "20180619T130933+0100",
      "duration" : 31.0,
      "distance" : 23.0,
      "steps" : 47,
      "trackPoints" : [ ]
    } ],
    "lastUpdate" : "20180619T140841Z"
  }, {
    "type" : "move",
    "startTime" : "20180619T132633+0100",
    "endTime" : "20180619T133315+0100",
    "activities" : [ {
      "activity" : "walking",
      "group" : "walking",
      "manual" : false,
      "startTime" : "20180619T132633+0100",
      "endTime" : "20180619T133314+0100",
      "duration" : 401.0,
      "distance" : 408.0,
      "steps" : 607,
      "trackPoints" : [ {
        "lat" : 55.946014,
        "lon" : -3.1851943,
        "time" : "20180619T132633+0100"
      }, {
        "lat" : 55.946086,
        "lon" : -3.1848881,
        "time" : "20180619T132706+0100"
      }, {
        "lat" : 55.946121,
        "lon" : -3.1848065,
        "time" : "20180619T132745+0100"
      }, {
        "lat" : 55.946334,
        "lon" : -3.1842962,
        "time" : "20180619T132819+0100"
      }, {
        "lat" : 55.946521,
        "lon" : -3.183912,
        "time" : "20180619T132848+0100"
      }, {
        "lat" : 55.946579,
        "lon" : -3.1838502,
        "time" : "20180619T132907+0100"
      }, {
        "lat" : 55.946786,
        "lon" : -3.1836582,
        "time" : "20180619T132932+0100"
      }, {
        "lat" : 55.946925,
        "lon" : -3.183487,
        "time" : "20180619T132949+0100"
      }, {
        "lat" : 55.947043,
        "lon" : -3.1832925,
        "time" : "20180619T133006+0100"
      }, {
        "lat" : 55.947198,
        "lon" : -3.183036,
        "time" : "20180619T133027+0100"
      }, {
        "lat" : 55.947401,
        "lon" : -3.1829944,
        "time" : "20180619T133047+0100"
      }, {
        "lat" : 55.947655,
        "lon" : -3.183057,
        "time" : "20180619T133109+0100"
      }, {
        "lat" : 55.948298,
        "lon" : -3.183169,
        "time" : "20180619T133210+0100"
      }, {
        "lat" : 55.948375,
        "lon" : -3.1837015,
        "time" : "20180619T133245+0100"
      }, {
        "lat" : 55.948384,
        "lon" : -3.1842279,
        "time" : "20180619T133315+0100"
      } ]
    } ],
    "lastUpdate" : "20180619T140841Z"
  }, {
    "type" : "place",
    "startTime" : "20180619T133315+0100",
    "endTime" : "20180619T165153+0100",
    "place" : {
      "id" : 510267390,
      "name" : "Work",
      "type" : "work",
      "location" : {
        "lat" : 55.94838400000001,
        "lon" : -3.1842278999999998
      }
    },
    "activities" : [ {
      "activity" : "walking",
      "group" : "walking",
      "manual" : false,
      "startTime" : "20180619T133315+0100",
      "endTime" : "20180619T133433+0100",
      "duration" : 78.0,
      "distance" : 59.0,
      "steps" : 118,
      "trackPoints" : [ ]
    }, {
      "activity" : "walking",
      "group" : "walking",
      "manual" : false,
      "startTime" : "20180619T165142+0100",
      "endTime" : "20180619T165153+0100",
      "duration" : 11.0,
      "distance" : 7.0,
      "steps" : 14,
      "trackPoints" : [ ]
    } ],
    "lastUpdate" : "20180619T172347Z"
  }, {
    "type" : "move",
    "startTime" : "20180619T165153+0100",
    "endTime" : "20180619T170337+0100",
    "activities" : [ {
      "activity" : "walking",
      "group" : "walking",
      "manual" : false,
      "startTime" : "20180619T165153+0100",
      "endTime" : "20180619T170337+0100",
      "duration" : 704.0,
      "distance" : 1081.0,
      "steps" : 1295,
      "trackPoints" : [ {
        "lat" : 55.948384,
        "lon" : -3.1842279,
        "time" : "20180619T165153+0100"
      }, {
        "lat" : 55.948541,
        "lon" : -3.1846947,
        "time" : "20180619T165235+0100"
      }, {
        "lat" : 55.949003,
        "lon" : -3.1855531,
        "time" : "20180619T165334+0100"
      }, {
        "lat" : 55.949181,
        "lon" : -3.1857359,
        "time" : "20180619T165353+0100"
      }, {
        "lat" : 55.949427,
        "lon" : -3.1859666,
        "time" : "20180619T165412+0100"
      }, {
        "lat" : 55.950257,
        "lon" : -3.1874231,
        "time" : "20180619T165550+0100"
      }, {
        "lat" : 55.950733,
        "lon" : -3.1880116,
        "time" : "20180619T165633+0100"
      }, {
        "lat" : 55.950953,
        "lon" : -3.1880497,
        "time" : "20180619T165648+0100"
      }, {
        "lat" : 55.951539,
        "lon" : -3.1881554,
        "time" : "20180619T165718+0100"
      }, {
        "lat" : 55.952071,
        "lon" : -3.1883953,
        "time" : "20180619T165752+0100"
      }, {
        "lat" : 55.952328,
        "lon" : -3.1886148,
        "time" : "20180619T165813+0100"
      }, {
        "lat" : 55.952703,
        "lon" : -3.1887448,
        "time" : "20180619T165836+0100"
      }, {
        "lat" : 55.953133,
        "lon" : -3.1887867,
        "time" : "20180619T165910+0100"
      }, {
        "lat" : 55.953483,
        "lon" : -3.1885456,
        "time" : "20180619T165945+0100"
      }, {
        "lat" : 55.953653,
        "lon" : -3.1884423,
        "time" : "20180619T165959+0100"
      }, {
        "lat" : 55.953653,
        "lon" : -3.1884422,
        "time" : "20180619T170000+0100"
      }, {
        "lat" : 55.95396,
        "lon" : -3.1882551,
        "time" : "20180619T170027+0100"
      }, {
        "lat" : 55.954086,
        "lon" : -3.1877116,
        "time" : "20180619T170047+0100"
      }, {
        "lat" : 55.954208,
        "lon" : -3.1872292,
        "time" : "20180619T170108+0100"
      }, {
        "lat" : 55.955022,
        "lon" : -3.1867976,
        "time" : "20180619T170156+0100"
      }, {
        "lat" : 55.955139,
        "lon" : -3.1867864,
        "time" : "20180619T170212+0100"
      }, {
        "lat" : 55.955347,
        "lon" : -3.186809,
        "time" : "20180619T170229+0100"
      }, {
        "lat" : 55.955667,
        "lon" : -3.1868014,
        "time" : "20180619T170308+0100"
      }, {
        "lat" : 55.955484,
        "lon" : -3.186982,
        "time" : "20180619T170337+0100"
      } ]
    } ],
    "lastUpdate" : "20180619T172347Z"
  }, {
    "type" : "place",
    "startTime" : "20180619T170337+0100",
    "endTime" : "20180619T175454+0100",
    "place" : {
      "id" : 787279380,
      "type" : "unknown",
      "location" : {
        "lat" : 55.955484,
        "lon" : -3.186982
      }
    },
    "activities" : [ {
      "activity" : "walking",
      "group" : "walking",
      "manual" : false,
      "startTime" : "20180619T170337+0100",
      "endTime" : "20180619T171501+0100",
      "duration" : 684.0,
      "distance" : 770.0,
      "steps" : 1026,
      "trackPoints" : [ ]
    } ],
    "lastUpdate" : "20180619T172347Z"
  }, {
    "type" : "move",
    "startTime" : "20180619T175454+0100",
    "endTime" : "20180619T175756+0100",
    "activities" : [ {
      "activity" : "walking",
      "group" : "walking",
      "manual" : false,
      "startTime" : "20180619T175454+0100",
      "endTime" : "20180619T175756+0100",
      "duration" : 182.0,
      "distance" : 91.0,
      "steps" : 143,
      "trackPoints" : [ {
        "lat" : 55.955484,
        "lon" : -3.186982,
        "time" : "20180619T175454+0100"
      }, {
        "lat" : 55.955968,
        "lon" : -3.1870288,
        "time" : "20180619T175706+0100"
      }, {
        "lat" : 55.955978,
        "lon" : -3.1871041,
        "time" : "20180619T175723+0100"
      }, {
        "lat" : 55.95599,
        "lon" : -3.1871173,
        "time" : "20180619T175738+0100"
      }, {
        "lat" : 55.956047,
        "lon" : -3.1870993,
        "time" : "20180619T175756+0100"
      } ]
    } ],
    "lastUpdate" : "20180619T172347Z"
  }, {
    "type" : "place",
    "startTime" : "20180619T175756+0100",
    "endTime" : "20180619T180623+0100",
    "place" : {
      "id" : 787279381,
      "type" : "unknown",
      "location" : {
        "lat" : 55.956047,
        "lon" : -3.1870993
      }
    },
    "activities" : [ {
      "activity" : "walking",
      "group" : "walking",
      "manual" : false,
      "startTime" : "20180619T180610+0100",
      "endTime" : "20180619T180621+0100",
      "duration" : 11.0,
      "distance" : 8.0,
      "steps" : 17,
      "trackPoints" : [ ]
    } ],
    "lastUpdate" : "20180619T175327Z"
  }, {
    "type" : "move",
    "startTime" : "20180619T180623+0100",
    "endTime" : "20180619T183813+0100",
    "activities" : [ {
      "activity" : "walking",
      "group" : "walking",
      "manual" : false,
      "startTime" : "20180619T180623+0100",
      "endTime" : "20180619T181023+0100",
      "duration" : 240.0,
      "distance" : 266.0,
      "steps" : 407,
      "trackPoints" : [ {
        "lat" : 55.956047,
        "lon" : -3.1870993,
        "time" : "20180619T180623+0100"
      }, {
        "lat" : 55.956381,
        "lon" : -3.18726,
        "time" : "20180619T180639+0100"
      }, {
        "lat" : 55.956702,
        "lon" : -3.1873007,
        "time" : "20180619T180737+0100"
      }, {
        "lat" : 55.956929,
        "lon" : -3.1871631,
        "time" : "20180619T180800+0100"
      }, {
        "lat" : 55.956984,
        "lon" : -3.1868331,
        "time" : "20180619T180818+0100"
      }, {
        "lat" : 55.957236,
        "lon" : -3.1858129,
        "time" : "20180619T180907+0100"
      }, {
        "lat" : 55.95752,
        "lon" : -3.1855375,
        "time" : "20180619T180958+0100"
      }, {
        "lat" : 55.957654,
        "lon" : -3.1856142,
        "time" : "20180619T181024+0100"
      } ]
    }, {
      "activity" : "transport",
      "group" : "transport",
      "manual" : false,
      "startTime" : "20180619T181024+0100",
      "endTime" : "20180619T183812+0100",
      "duration" : 1668.0,
      "distance" : 6974.0,
      "trackPoints" : [ {
        "lat" : 55.957654,
        "lon" : -3.1856142,
        "time" : "20180619T181024+0100"
      }, {
        "lat" : 55.95784,
        "lon" : -3.1858188,
        "time" : "20180619T181041+0100"
      }, {
        "lat" : 55.958701,
        "lon" : -3.1871474,
        "time" : "20180619T181142+0100"
      }, {
        "lat" : 55.957461,
        "lon" : -3.1880814,
        "time" : "20180619T181233+0100"
      }, {
        "lat" : 55.957056,
        "lon" : -3.1859502,
        "time" : "20180619T181323+0100"
      }, {
        "lat" : 55.95771,
        "lon" : -3.1770805,
        "time" : "20180619T181442+0100"
      }, {
        "lat" : 55.956858,
        "lon" : -3.1715302,
        "time" : "20180619T181510+0100"
      }, {
        "lat" : 55.956858,
        "lon" : -3.1715302,
        "time" : "20180619T181731+0100"
      }, {
        "lat" : 55.956858,
        "lon" : -3.1715302,
        "time" : "20180619T181749+0100"
      }, {
        "lat" : 55.956858,
        "lon" : -3.1715302,
        "time" : "20180619T181857+0100"
      }, {
        "lat" : 55.95275,
        "lon" : -3.1745162,
        "time" : "20180619T182002+0100"
      }, {
        "lat" : 55.951946,
        "lon" : -3.1777334,
        "time" : "20180619T182028+0100"
      }, {
        "lat" : 55.951398,
        "lon" : -3.1800332,
        "time" : "20180619T182052+0100"
      }, {
        "lat" : 55.950797,
        "lon" : -3.1828901,
        "time" : "20180619T182118+0100"
      }, {
        "lat" : 55.950275,
        "lon" : -3.183987,
        "time" : "20180619T182140+0100"
      }, {
        "lat" : 55.949112,
        "lon" : -3.1843217,
        "time" : "20180619T182157+0100"
      }, {
        "lat" : 55.948414,
        "lon" : -3.1844054,
        "time" : "20180619T182331+0100"
      }, {
        "lat" : 55.948377,
        "lon" : -3.1845523,
        "time" : "20180619T182400+0100"
      }, {
        "lat" : 55.948362,
        "lon" : -3.1846249,
        "time" : "20180619T182428+0100"
      }, {
        "lat" : 55.948354,
        "lon" : -3.1846734,
        "time" : "20180619T182446+0100"
      }, {
        "lat" : 55.948339,
        "lon" : -3.1847579,
        "time" : "20180619T182512+0100"
      }, {
        "lat" : 55.947931,
        "lon" : -3.1858884,
        "time" : "20180619T182548+0100"
      }, {
        "lat" : 55.947888,
        "lon" : -3.1862078,
        "time" : "20180619T182615+0100"
      }, {
        "lat" : 55.947573,
        "lon" : -3.1887284,
        "time" : "20180619T182650+0100"
      }, {
        "lat" : 55.947131,
        "lon" : -3.1909563,
        "time" : "20180619T182708+0100"
      }, {
        "lat" : 55.946676,
        "lon" : -3.1908931,
        "time" : "20180619T182724+0100"
      }, {
        "lat" : 55.945558,
        "lon" : -3.190281,
        "time" : "20180619T182800+0100"
      }, {
        "lat" : 55.945113,
        "lon" : -3.1947487,
        "time" : "20180619T182827+0100"
      }, {
        "lat" : 55.94498,
        "lon" : -3.1966272,
        "time" : "20180619T182849+0100"
      }, {
        "lat" : 55.944827,
        "lon" : -3.1989321,
        "time" : "20180619T182918+0100"
      }, {
        "lat" : 55.943914,
        "lon" : -3.2031253,
        "time" : "20180619T182950+0100"
      }, {
        "lat" : 55.943809,
        "lon" : -3.2034319,
        "time" : "20180619T183057+0100"
      }, {
        "lat" : 55.942228,
        "lon" : -3.2035451,
        "time" : "20180619T183158+0100"
      }, {
        "lat" : 55.942077,
        "lon" : -3.2037003,
        "time" : "20180619T183214+0100"
      }, {
        "lat" : 55.942037,
        "lon" : -3.2037285,
        "time" : "20180619T183231+0100"
      }, {
        "lat" : 55.94002,
        "lon" : -3.2113836,
        "time" : "20180619T183338+0100"
      }, {
        "lat" : 55.939022,
        "lon" : -3.2134519,
        "time" : "20180619T183358+0100"
      }, {
        "lat" : 55.938266,
        "lon" : -3.2152137,
        "time" : "20180619T183415+0100"
      }, {
        "lat" : 55.937425,
        "lon" : -3.2168736,
        "time" : "20180619T183431+0100"
      }, {
        "lat" : 55.936762,
        "lon" : -3.2182167,
        "time" : "20180619T183450+0100"
      }, {
        "lat" : 55.934144,
        "lon" : -3.2232654,
        "time" : "20180619T183533+0100"
      }, {
        "lat" : 55.934126,
        "lon" : -3.2251601,
        "time" : "20180619T183614+0100"
      }, {
        "lat" : 55.934126,
        "lon" : -3.2251601,
        "time" : "20180619T183633+0100"
      }, {
        "lat" : 55.934431,
        "lon" : -3.227257,
        "time" : "20180619T183708+0100"
      }, {
        "lat" : 55.934331,
        "lon" : -3.2280151,
        "time" : "20180619T183724+0100"
      }, {
        "lat" : 55.934491,
        "lon" : -3.2283126,
        "time" : "20180619T183813+0100"
      } ]
    } ],
    "lastUpdate" : "20180619T175327Z"
  }, {
    "type" : "place",
    "startTime" : "20180619T183813+0100",
    "endTime" : "20180620T103857+0100",
    "place" : {
      "id" : 787103581,
      "name" : "Home",
      "type" : "home",
      "location" : {
        "lat" : 55.93449111680904,
        "lon" : -3.228312634811668
      }
    },
    "activities" : [ {
      "activity" : "walking",
      "group" : "walking",
      "manual" : false,
      "startTime" : "20180619T183813+0100",
      "endTime" : "20180619T184142+0100",
      "duration" : 209.0,
      "distance" : 235.0,
      "steps" : 314,
      "trackPoints" : [ ]
    }, {
      "activity" : "walking",
      "group" : "walking",
      "manual" : false,
      "startTime" : "20180619T190013+0100",
      "endTime" : "20180619T190310+0100",
      "duration" : 177.0,
      "distance" : 197.0,
      "steps" : 263,
      "trackPoints" : [ ]
    }, {
      "activity" : "walking",
      "group" : "walking",
      "manual" : false,
      "startTime" : "20180619T203150+0100",
      "endTime" : "20180619T203236+0100",
      "duration" : 46.0,
      "distance" : 34.0,
      "steps" : 68,
      "trackPoints" : [ ]
    }, {
      "activity" : "walking",
      "group" : "walking",
      "manual" : false,
      "startTime" : "20180619T220152+0100",
      "endTime" : "20180619T220301+0100",
      "duration" : 69.0,
      "distance" : 34.0,
      "steps" : 60,
      "trackPoints" : [ ]
    }, {
      "activity" : "walking",
      "group" : "walking",
      "manual" : false,
      "startTime" : "20180619T231154+0100",
      "endTime" : "20180619T231156+0100",
      "duration" : 2.0,
      "distance" : 1.0,
      "steps" : 2,
      "trackPoints" : [ ]
    } ],
    "lastUpdate" : "20180620T104020Z"
  } ],
  "lastUpdate" : "20180620T104020Z"
}, {
  "date" : "20180620",
  "summary" : [ {
    "activity" : "walking",
    "group" : "walking",
    "duration" : 1233.0,
    "distance" : 975.0,
    "steps" : 1556
  } ],
  "segments" : [ {
    "type" : "place",
    "startTime" : "20180619T183813+0100",
    "endTime" : "20180620T103857+0100",
    "place" : {
      "id" : 787103581,
      "name" : "Home",
      "type" : "home",
      "location" : {
        "lat" : 55.93449111680904,
        "lon" : -3.228312634811668
      }
    },
    "activities" : [ {
      "activity" : "walking",
      "group" : "walking",
      "manual" : false,
      "startTime" : "20180620T072640+0100",
      "endTime" : "20180620T072647+0100",
      "duration" : 7.0,
      "distance" : 5.0,
      "steps" : 10,
      "trackPoints" : [ ]
    }, {
      "activity" : "walking",
      "group" : "walking",
      "manual" : false,
      "startTime" : "20180620T080830+0100",
      "endTime" : "20180620T080915+0100",
      "duration" : 45.0,
      "distance" : 22.0,
      "steps" : 36,
      "trackPoints" : [ ]
    }, {
      "activity" : "walking",
      "group" : "walking",
      "manual" : false,
      "startTime" : "20180620T092653+0100",
      "endTime" : "20180620T092722+0100",
      "duration" : 29.0,
      "distance" : 14.0,
      "steps" : 0,
      "trackPoints" : [ ]
    }, {
      "activity" : "walking",
      "group" : "walking",
      "manual" : false,
      "startTime" : "20180620T100624+0100",
      "endTime" : "20180620T101232+0100",
      "duration" : 368.0,
      "distance" : 413.0,
      "steps" : 551,
      "trackPoints" : [ ]
    } ],
    "lastUpdate" : "20180620T104020Z"
  }, {
    "type" : "move",
    "startTime" : "20180620T103857+0100",
    "endTime" : "20180620T104554+0100",
    "activities" : [ {
      "activity" : "walking",
      "group" : "walking",
      "manual" : false,
      "startTime" : "20180620T103857+0100",
      "endTime" : "20180620T104554+0100",
      "duration" : 417.0,
      "distance" : 232.0,
      "steps" : 464,
      "trackPoints" : [ {
        "lat" : 55.934491,
        "lon" : -3.2283126,
        "time" : "20180620T103857+0100"
      }, {
        "lat" : 55.934381,
        "lon" : -3.2284526,
        "time" : "20180620T103914+0100"
      }, {
        "lat" : 55.934353,
        "lon" : -3.2284308,
        "time" : "20180620T103934+0100"
      }, {
        "lat" : 55.934326,
        "lon" : -3.2284041,
        "time" : "20180620T103958+0100"
      }, {
        "lat" : 55.934306,
        "lon" : -3.2283957,
        "time" : "20180620T104022+0100"
      }, {
        "lat" : 55.934306,
        "lon" : -3.2283435,
        "time" : "20180620T104051+0100"
      }, {
        "lat" : 55.93407,
        "lon" : -3.2283832,
        "time" : "20180620T104138+0100"
      }, {
        "lat" : 55.933348,
        "lon" : -3.2293129,
        "time" : "20180620T104251+0100"
      }, {
        "lat" : 55.933269,
        "lon" : -3.2294215,
        "time" : "20180620T104326+0100"
      }, {
        "lat" : 55.933288,
        "lon" : -3.2294691,
        "time" : "20180620T104342+0100"
      }, {
        "lat" : 55.933291,
        "lon" : -3.2294857,
        "time" : "20180620T104403+0100"
      }, {
        "lat" : 55.933283,
        "lon" : -3.2294963,
        "time" : "20180620T104427+0100"
      }, {
        "lat" : 55.933253,
        "lon" : -3.2294859,
        "time" : "20180620T104458+0100"
      }, {
        "lat" : 55.933168,
        "lon" : -3.2293615,
        "time" : "20180620T104554+0100"
      } ]
    } ],
    "lastUpdate" : "20180620T104020Z"
  }, {
    "type" : "place",
    "startTime" : "20180620T104554+0100",
    "endTime" : "20180620T104653+0100",
    "place" : {
      "id" : 787399289,
      "type" : "unknown",
      "location" : {
        "lat" : 55.933168,
        "lon" : -3.2293615
      }
    },
    "activities" : [ {
      "activity" : "walking",
      "group" : "walking",
      "manual" : false,
      "startTime" : "20180620T104554+0100",
      "endTime" : "20180620T104612+0100",
      "duration" : 18.0,
      "distance" : 14.0,
      "steps" : 28,
      "trackPoints" : [ ]
    } ],
    "lastUpdate" : "20180620T104020Z"
  }, {
    "type" : "move",
    "startTime" : "20180620T104653+0100",
    "endTime" : "20180620T105106+0100",
    "activities" : [ {
      "activity" : "walking",
      "group" : "walking",
      "manual" : false,
      "startTime" : "20180620T104653+0100",
      "endTime" : "20180620T105105+0100",
      "duration" : 252.0,
      "distance" : 202.0,
      "steps" : 320,
      "trackPoints" : [ {
        "lat" : 55.933168,
        "lon" : -3.2293615,
        "time" : "20180620T104653+0100"
      }, {
        "lat" : 55.933429,
        "lon" : -3.2290362,
        "time" : "20180620T104729+0100"
      }, {
        "lat" : 55.933558,
        "lon" : -3.2288493,
        "time" : "20180620T104745+0100"
      }, {
        "lat" : 55.933893,
        "lon" : -3.2285213,
        "time" : "20180620T104819+0100"
      }, {
        "lat" : 55.934468,
        "lon" : -3.2284787,
        "time" : "20180620T104903+0100"
      }, {
        "lat" : 55.934513,
        "lon" : -3.2284311,
        "time" : "20180620T104920+0100"
      }, {
        "lat" : 55.93452,
        "lon" : -3.2283159,
        "time" : "20180620T104950+0100"
      }, {
        "lat" : 55.934515,
        "lon" : -3.2282924,
        "time" : "20180620T105006+0100"
      }, {
        "lat" : 55.934501,
        "lon" : -3.2282701,
        "time" : "20180620T105039+0100"
      }, {
        "lat" : 55.934491,
        "lon" : -3.2283126,
        "time" : "20180620T105106+0100"
      } ]
    } ],
    "lastUpdate" : "20180620T104020Z"
  }, {
    "type" : "place",
    "startTime" : "20180620T105106+0100",
    "endTime" : "20180620T131231+0100",
    "place" : {
      "id" : 787103581,
      "name" : "Home",
      "type" : "home",
      "location" : {
        "lat" : 55.93449111680904,
        "lon" : -3.228312634811668
      }
    },
    "activities" : [ {
      "activity" : "walking",
      "group" : "walking",
      "manual" : false,
      "startTime" : "20180620T121900+0100",
      "endTime" : "20180620T122037+0100",
      "duration" : 97.0,
      "distance" : 73.0,
      "steps" : 147,
      "trackPoints" : [ ]
    } ],
    "lastUpdate" : "20180620T121232Z"
  } ],
  "lastUpdate" : "20180620T121232Z"
} ]