road,0.80848366,55.923153,-3.2342842,167.8757358
asphalt,0.7195297,55.923153,-3.2342842,167.8757358
recreation,0.666563,55.923153,-3.2342842,167.8757358
endurance sports,0.63318586,55.923153,-3.2342842,167.8757358
vehicle,0.62822187,55.923153,-3.2342842,167.8757358
race,0.61933446,55.923153,-3.2342842,167.8757358
property,0.9592067,55.923153,-3.2342842,354.5948558
residential area,0.92936796,55.923153,-3.2342842,354.5948558
home,0.8921542,55.923153,-3.2342842,354.5948558
town,0.870924,55.923153,-3.2342842,354.5948558
land lot,0.8219944,55.923153,-3.2342842,354.5948558
suburb,0.8048082,55.923153,-3.2342842,354.5948558
road,0.8035888,55.923153,-3.2342842,354.5948558
real estate,0.78407955,55.923153,-3.2342842,354.5948558
sky,0.77590203,55.923153,-3.2342842,354.5948558
neighbourhood,0.7661609,55.923153,-3.2342842,354.5948558
estate,0.75762427,55.923153,-3.2342842,354.5948558
house,0.7569165,55.923153,-3.2342842,354.5948558
area,0.6720096,55.923153,-3.2342842,354.5948558
facade,0.61911863,55.923153,-3.2342842,354.5948558
asphalt,0.5659371,55.923153,-3.2342842,354.5948558
landscape,0.56372017,55.923153,-3.2342842,354.5948558
building,0.5533329,55.923153,-3.2342842,354.5948558
village,0.54366523,55.923153,-3.2342842,354.5948558
road,0.9786576,55.923409,-3.2369855,354.5948558
transport,0.95600057,55.923409,-3.2369855,354.5948558
lane,0.94014853,55.923409,-3.2369855,354.5948558
asphalt,0.92338336,55.923409,-3.2369855,354.5948558
property,0.9199427,55.923409,-3.2369855,354.5948558
mode of transport,0.875133,55.923409,-3.2369855,354.5948558
infrastructure,0.8687115,55.923409,-3.2369855,354.5948558
vehicle,0.8143845,55.923409,-3.2369855,354.5948558
car,0.80263317,55.923409,-3.2369855,354.5948558
family car,0.7895314,55.923409,-3.2369855,354.5948558
sky,0.7760902,55.923409,-3.2369855,354.5948558
residential area,0.76191884,55.923409,-3.2369855,354.5948558
land lot,0.7266371,55.923409,-3.2369855,354.5948558
motor vehicle,0.72443837,55.923409,-3.2369855,354.5948558
street,0.7195053,55.923409,-3.2369855,354.5948558
parking,0.69888854,55.923409,-3.2369855,354.5948558
automotive exterior,0.68789434,55.923409,-3.2369855,354.5948558
area,0.6720096,55.923409,-3.2369855,354.5948558
property,0.9478445,55.923721,-3.236924,171.5617683
motor vehicle,0.9351673,55.923721,-3.236924,171.5617683
family car,0.91081554,55.923721,-3.236924,171.5617683
luxury vehicle,0.90207756,55.923721,-3.236924,171.5617683
car,0.87272215,55.923721,-3.236924,171.5617683
vehicle,0.8709222,55.923721,-3.236924,171.5617683
transport,0.83779645,55.923721,-3.236924,171.5617683
automotive exterior,0.7885636,55.923721,-3.236924,171.5617683
residential area,0.76757836,55.923721,-3.236924,171.5617683
road,0.72450453,55.923721,-3.236924,171.5617683
mid size car,0.69756263,55.923721,-3.236924,171.5617683
land lot,0.6929287,55.923721,-3.236924,171.5617683
plant community,0.6765708,55.923721,-3.236924,171.5617683
area,0.6720096,55.923721,-3.236924,171.5617683
house,0.6693298,55.923721,-3.236924,171.5617683
real estate,0.66090393,55.923721,-3.236924,171.5617683
sedan,0.65769345,55.923721,-3.236924,171.5617683
asphalt,0.6299694,55.923721,-3.236924,171.5617683
road,0.9909406,55.924034,-3.2450051,355.5507922
lane,0.9497268,55.924034,-3.2450051,355.5507922
asphalt,0.9444218,55.924034,-3.2450051,355.5507922
path,0.9092291,55.924034,-3.2450051,355.5507922
property,0.9017809,55.924034,-3.2450051,355.5507922
infrastructure,0.9008501,55.924034,-3.2450051,355.5507922
vegetation,0.86928684,55.924034,-3.2450051,355.5507922
tree,0.8499862,55.924034,-3.2450051,355.5507922
road surface,0.80448353,55.924034,-3.2450051,355.5507922
land lot,0.7227742,55.924034,-3.2450051,355.5507922
area,0.6720096,55.924034,-3.2450051,355.5507922
sky,0.6714052,55.924034,-3.2450051,355.5507922
plant,0.6632449,55.924034,-3.2450051,355.5507922
shrub,0.6001901,55.924034,-3.2450051,355.5507922
grass,0.59791285,55.924034,-3.2450051,355.5507922
walkway,0.58147067,55.924034,-3.2450051,355.5507922
landscape,0.5768393,55.924034,-3.2450051,355.5507922
shoulder,0.5693279,55.924034,-3.2450051,355.5507922
property,0.89511174,55.924604,-3.2459533,329.0288692
sky,0.8241192,55.924604,-3.2459533,329.0288692
wall,0.79001325,55.924604,-3.2459533,329.0288692
water resources,0.710016,55.924604,-3.2459533,329.0288692
land lot,0.708375,55.924604,-3.2459533,329.0288692
road,0.96236646,55.92485,-3.2458898,255.5039019
residential area,0.9403103,55.92485,-3.2458898,255.5039019
property,0.9374996,55.92485,-3.2458898,255.5039019
infrastructure,0.8908835,55.92485,-3.2458898,255.5039019
suburb,0.83482784,55.92485,-3.2458898,255.5039019
town,0.8307033,55.92485,-3.2458898,255.5039019
asphalt,0.82013667,55.92485,-3.2458898,255.5039019
architecture,0.81853634,55.92485,-3.2458898,255.5039019
neighbourhood,0.8078841,55.92485,-3.2458898,255.5039019
lane,0.8066608,55.92485,-3.2458898,255.5039019
house,0.79831904,55.92485,-3.2458898,255.5039019
land lot,0.77711964,55.92485,-3.2458898,255.5039019
urban design,0.72717994,55.92485,-3.2458898,255.5039019
sky,0.7201375,55.92485,-3.2458898,255.5039019
area,0.6720096,55.92485,-3.2458898,255.5039019
real estate,0.6586325,55.92485,-3.2458898,255.5039019
facade,0.619101,55.92485,-3.2458898,255.5039019
home,0.6014579,55.92485,-3.2458898,255.5039019
property,0.9435146,55.925049,-3.2458615,119.8869188
transport,0.9271624,55.925049,-3.2458615,119.8869188
motor vehicle,0.8837301,55.925049,-3.2458615,119.8869188
vehicle,0.87572783,55.925049,-3.2458615,119.8869188
town,0.83043003,55.925049,-3.2458615,119.8869188
car,0.78824776,55.925049,-3.2458615,119.8869188
asphalt,0.7655406,55.925049,-3.2458615,119.8869188
family car,0.7255698,55.925049,-3.2458615,119.8869188
home,0.6990066,55.925049,-3.2458615,119.8869188
real estate,0.67279667,55.925049,-3.2458615,119.8869188
area,0.6720096,55.925049,-3.2458615,119.8869188
road,0.6256706,55.925049,-3.2458615,119.8869188
automotive exterior,0.59370124,55.925049,-3.2458615,119.8869188
house,0.58999366,55.925049,-3.2458615,119.8869188
suburb,0.55927074,55.925049,-3.2458615,119.8869188
land lot,0.55825126,55.925049,-3.2458615,119.8869188
property,0.95013016,55.925694,-3.2462316,172.8493512
residential area,0.91451913,55.925694,-3.2462316,172.8493512
land lot,0.86886984,55.925694,-3.2462316,172.8493512
tree,0.8368626,55.925694,-3.2462316,172.8493512
road,0.82087374,55.925694,-3.2462316,172.8493512
wall,0.81294554,55.925694,-3.2462316,172.8493512
sky,0.80731463,55.925694,-3.2462316,172.8493512
architecture,0.80227464,55.925694,-3.2462316,172.8493512
suburb,0.76079303,55.925694,-3.2462316,172.8493512
plant,0.7540552,55.925694,-3.2462316,172.8493512
home,0.75049436,55.925694,-3.2462316,172.8493512
asphalt,0.7251583,55.925694,-3.2462316,172.8493512
real estate,0.7125866,55.925694,-3.2462316,172.8493512
house,0.708008,55.925694,-3.2462316,172.8493512
roof,0.7014469,55.925694,-3.2462316,172.8493512
neighbourhood,0.68636584,55.925694,-3.2462316,172.8493512
landscape,0.677715,55.925694,-3.2462316,172.8493512
area,0.6720096,55.925694,-3.2462316,172.8493512
road,0.96416795,55.926292,-3.2509906,196.8300624
car,0.9321401,55.926292,-3.2509906,196.8300624
transport,0.9106679,55.926292,-3.2509906,196.8300624
property,0.9056896,55.926292,-3.2509906,196.8300624
mode of transport,0.8750395,55.926292,-3.2509906,196.8300624
motor vehicle,0.8748573,55.926292,-3.2509906,196.8300624
vehicle,0.87469363,55.926292,-3.2509906,196.8300624
family car,0.8685266,55.926292,-3.2509906,196.8300624
sky,0.8549089,55.926292,-3.2509906,196.8300624
asphalt,0.8496257,55.926292,-3.2509906,196.8300624
tree,0.8351376,55.926292,-3.2509906,196.8300624
lane,0.80401117,55.926292,-3.2509906,196.8300624
automotive exterior,0.76308274,55.926292,-3.2509906,196.8300624
parking,0.6729288,55.926292,-3.2509906,196.8300624
area,0.6720096,55.926292,-3.2509906,196.8300624
land lot,0.65842235,55.926292,-3.2509906,196.8300624
plant,0.59889895,55.926292,-3.2509906,196.8300624
street,0.5896997,55.926292,-3.2509906,196.8300624
property,0.94870806,55.926292,-3.2509906,24.17066105
car,0.938355,55.926292,-3.2509906,24.17066105
family car,0.9310954,55.926292,-3.2509906,24.17066105
town,0.8977314,55.926292,-3.2509906,24.17066105
road,0.88325804,55.926292,-3.2509906,24.17066105
transport,0.8730651,55.926292,-3.2509906,24.17066105
residential area,0.8559172,55.926292,-3.2509906,24.17066105
neighbourhood,0.8376327,55.926292,-3.2509906,24.17066105
house,0.8153769,55.926292,-3.2509906,24.17066105
building,0.81062406,55.926292,-3.2509906,24.17066105
luxury vehicle,0.78527826,55.926292,-3.2509906,24.17066105
lane,0.76004875,55.926292,-3.2509906,24.17066105
motor vehicle,0.73553157,55.926292,-3.2509906,24.17066105
asphalt,0.7324388,55.926292,-3.2509906,24.17066105
street,0.7187032,55.926292,-3.2509906,24.17066105
real estate,0.7083016,55.926292,-3.2509906,24.17066105
suburb,0.70806056,55.926292,-3.2509906,24.17066105
home,0.6976916,55.926292,-3.2509906,24.17066105
property,0.94641554,55.926292,-3.2509906,26.39477123
town,0.91084516,55.926292,-3.2509906,26.39477123
family car,0.89179635,55.926292,-3.2509906,26.39477123
car,0.876003,55.926292,-3.2509906,26.39477123
transport,0.8678472,55.926292,-3.2509906,26.39477123
road,0.86548376,55.926292,-3.2509906,26.39477123
residential area,0.8308179,55.926292,-3.2509906,26.39477123
neighbourhood,0.8295559,55.926292,-3.2509906,26.39477123
building,0.79017466,55.926292,-3.2509906,26.39477123
house,0.74634737,55.926292,-3.2509906,26.39477123
luxury vehicle,0.7451023,55.926292,-3.2509906,26.39477123
asphalt,0.73273164,55.926292,-3.2509906,26.39477123
real estate,0.71518886,55.926292,-3.2509906,26.39477123
lane,0.70930624,55.926292,-3.2509906,26.39477123
street,0.69409233,55.926292,-3.2509906,26.39477123
suburb,0.6856769,55.926292,-3.2509906,26.39477123
sky,0.67177397,55.926292,-3.2509906,26.39477123
facade,0.6577648,55.926292,-3.2509906,26.39477123
property,0.9467711,55.926292,-3.2509906,71.39477123
family car,0.9313204,55.926292,-3.2509906,71.39477123
transport,0.9193555,55.926292,-3.2509906,71.39477123
motor vehicle,0.9158378,55.926292,-3.2509906,71.39477123
car,0.8770971,55.926292,-3.2509906,71.39477123
road,0.87111104,55.926292,-3.2509906,71.39477123
town,0.86341244,55.926292,-3.2509906,71.39477123
residential area,0.83274984,55.926292,-3.2509906,71.39477123
vehicle,0.78746194,55.926292,-3.2509906,71.39477123
neighbourhood,0.77383804,55.926292,-3.2509906,71.39477123
luxury vehicle,0.72867507,55.926292,-3.2509906,71.39477123
suburb,0.7246048,55.926292,-3.2509906,71.39477123
sky,0.7161643,55.926292,-3.2509906,71.39477123
parking,0.7019496,55.926292,-3.2509906,71.39477123
mid size car,0.7012389,55.926292,-3.2509906,71.39477123
sedan,0.6828052,55.926292,-3.2509906,71.39477123
area,0.6720096,55.926292,-3.2509906,71.39477123
real estate,0.651738,55.926292,-3.2509906,71.39477123
motor vehicle,0.94628567,55.926292,-3.2509906,90
transport,0.9337285,55.926292,-3.2509906,90
property,0.9259778,55.926292,-3.2509906,90
family car,0.9084067,55.926292,-3.2509906,90
vehicle,0.87826097,55.926292,-3.2509906,90
luxury vehicle,0.8222523,55.926292,-3.2509906,90
car,0.81269103,55.926292,-3.2509906,90
automotive exterior,0.75826436,55.926292,-3.2509906,90
plant community,0.70941335,55.926292,-3.2509906,90
mid size car,0.6797343,55.926292,-3.2509906,90
sedan,0.6551817,55.926292,-3.2509906,90
land lot,0.60667765,55.926292,-3.2509906,90
compact car,0.5541175,55.926292,-3.2509906,90
subcompact car,0.51973146,55.926292,-3.2509906,90
executive car,0.5190659,55.926292,-3.2509906,90
parking,0.5106722,55.926292,-3.2509906,90
road,0.50254345,55.926292,-3.2509906,90
motor vehicle,0.9665609,55.926473,-3.2503932,196.8300624
car,0.96546054,55.926473,-3.2503932,196.8300624
family car,0.93917847,55.926473,-3.2503932,196.8300624
vehicle,0.93640804,55.926473,-3.2503932,196.8300624
property,0.9254235,55.926473,-3.2503932,196.8300624
transport,0.9024002,55.926473,-3.2503932,196.8300624
luxury vehicle,0.84251237,55.926473,-3.2503932,196.8300624
automotive exterior,0.7842925,55.926473,-3.2503932,196.8300624
mid size car,0.75899374,55.926473,-3.2503932,196.8300624
road,0.7089514,55.926473,-3.2503932,196.8300624
subcompact car,0.67440677,55.926473,-3.2503932,196.8300624
sedan,0.6620081,55.926473,-3.2503932,196.8300624
parking,0.6597973,55.926473,-3.2503932,196.8300624
compact car,0.5944047,55.926473,-3.2503932,196.8300624
executive car,0.5826913,55.926473,-3.2503932,196.8300624
plant community,0.56215286,55.926473,-3.2503932,196.8300624
asphalt,0.5370935,55.926473,-3.2503932,196.8300624
minivan,0.5017878,55.926473,-3.2503932,196.8300624
road,0.99281317,55.926552,-3.2450784,244.4755201
lane,0.9655322,55.926552,-3.2450784,244.4755201
asphalt,0.91664046,55.926552,-3.2450784,244.4755201
transport,0.9010065,55.926552,-3.2450784,244.4755201
infrastructure,0.90072507,55.926552,-3.2450784,244.4755201
property,0.8973433,55.926552,-3.2450784,244.4755201
mode of transport,0.875198,55.926552,-3.2450784,244.4755201
highway,0.8144629,55.926552,-3.2450784,244.4755201
road surface,0.7948798,55.926552,-3.2450784,244.4755201
land lot,0.7540118,55.926552,-3.2450784,244.4755201
residential area,0.75176,55.926552,-3.2450784,244.4755201
thoroughfare,0.75154597,55.926552,-3.2450784,244.4755201
sky,0.71165323,55.926552,-3.2450784,244.4755201
shoulder,0.7071906,55.926552,-3.2450784,244.4755201
guard rail,0.6964437,55.926552,-3.2450784,244.4755201
tree,0.68816245,55.926552,-3.2450784,244.4755201
area,0.6720096,55.926552,-3.2450784,244.4755201
road trip,0.6287929,55.926552,-3.2450784,244.4755201
road,0.991313,55.926574,-3.2450709,251.1468226
lane,0.96578664,55.926574,-3.2450709,251.1468226
asphalt,0.9185202,55.926574,-3.2450709,251.1468226
infrastructure,0.8995941,55.926574,-3.2450709,251.1468226
property,0.88133377,55.926574,-3.2450709,251.1468226
mode of transport,0.8751334,55.926574,-3.2450709,251.1468226
transport,0.8570335,55.926574,-3.2450709,251.1468226
tree,0.82354814,55.926574,-3.2450709,251.1468226
highway,0.78168446,55.926574,-3.2450709,251.1468226
road surface,0.7789483,55.926574,-3.2450709,251.1468226
path,0.7336704,55.926574,-3.2450709,251.1468226
guard rail,0.7291454,55.926574,-3.2450709,251.1468226
sky,0.7091433,55.926574,-3.2450709,251.1468226
residential area,0.70307976,55.926574,-3.2450709,251.1468226
land lot,0.69962007,55.926574,-3.2450709,251.1468226
shoulder,0.68283206,55.926574,-3.2450709,251.1468226
area,0.6720096,55.926574,-3.2450709,251.1468226
thoroughfare,0.6695316,55.926574,-3.2450709,251.1468226
road,0.9725395,55.926802,-3.2448588,166.7185033
sky,0.9218288,55.926802,-3.2448588,166.7185033
lane,0.9172902,55.926802,-3.2448588,166.7185033
property,0.8883808,55.926802,-3.2448588,166.7185033
infrastructure,0.88285977,55.926802,-3.2448588,166.7185033
asphalt,0.8762404,55.926802,-3.2448588,166.7185033
transport,0.821189,55.926802,-3.2448588,166.7185033
structure,0.7975159,55.926802,-3.2448588,166.7185033
land lot,0.7427053,55.926802,-3.2448588,166.7185033
residential area,0.6876735,55.926802,-3.2448588,166.7185033
cloud,0.6837772,55.926802,-3.2448588,166.7185033
line,0.67388934,55.926802,-3.2448588,166.7185033
area,0.6720096,55.926802,-3.2448588,166.7185033
road surface,0.6510088,55.926802,-3.2448588,166.7185033
vehicle,0.61156917,55.926802,-3.2448588,166.7185033
tree,0.61150694,55.926802,-3.2448588,166.7185033
angle,0.5746116,55.926802,-3.2448588,166.7185033
parking,0.5386462,55.926802,-3.2448588,166.7185033
road,0.9693878,55.926816,-3.2442804,22.87286981
lane,0.9443004,55.926816,-3.2442804,22.87286981
transport,0.9071941,55.926816,-3.2442804,22.87286981
asphalt,0.82632357,55.926816,-3.2442804,22.87286981
vehicle,0.73914754,55.926816,-3.2442804,22.87286981
guard rail,0.68224853,55.926816,-3.2442804,22.87286981
shoulder,0.629567,55.926816,-3.2442804,22.87286981
road surface,0.6151952,55.926816,-3.2442804,22.87286981
street,0.5804101,55.926816,-3.2442804,22.87286981
thoroughfare,0.5784276,55.926816,-3.2442804,22.87286981
road,0.97455263,55.926855,-3.2446957,354.6447884
lane,0.9519792,55.926855,-3.2446957,354.6447884
property,0.92620295,55.926855,-3.2446957,354.6447884
town,0.89893097,55.926855,-3.2446957,354.6447884
transport,0.89468795,55.926855,-3.2446957,354.6447884
infrastructure,0.8692013,55.926855,-3.2446957,354.6447884
family car,0.86420345,55.926855,-3.2446957,354.6447884
car,0.8599153,55.926855,-3.2446957,354.6447884
asphalt,0.8386049,55.926855,-3.2446957,354.6447884
street,0.83758754,55.926855,-3.2446957,354.6447884
residential area,0.82682127,55.926855,-3.2446957,354.6447884
sky,0.77843565,55.926855,-3.2446957,354.6447884
vehicle,0.7537699,55.926855,-3.2446957,354.6447884
suburb,0.75173634,55.926855,-3.2446957,354.6447884
neighbourhood,0.74020386,55.926855,-3.2446957,354.6447884
road surface,0.67874604,55.926855,-3.2446957,354.6447884
land lot,0.6065182,55.926855,-3.2446957,354.6447884
automotive exterior,0.56052244,55.926855,-3.2446957,354.6447884
property,0.9498754,55.92687,-3.2497041,29.01688826
family car,0.9076062,55.92687,-3.2497041,29.01688826
car,0.9017569,55.92687,-3.2497041,29.01688826
town,0.8616597,55.92687,-3.2497041,29.01688826
transport,0.83415854,55.92687,-3.2497041,29.01688826
residential area,0.7853863,55.92687,-3.2497041,29.01688826
motor vehicle,0.74319077,55.92687,-3.2497041,29.01688826
vehicle,0.74011683,55.92687,-3.2497041,29.01688826
neighbourhood,0.73574287,55.92687,-3.2497041,29.01688826
building,0.71905816,55.92687,-3.2497041,29.01688826
road,0.7185478,55.92687,-3.2497041,29.01688826
house,0.70306313,55.92687,-3.2497041,29.01688826
real estate,0.69382435,55.92687,-3.2497041,29.01688826
street,0.6728346,55.92687,-3.2497041,29.01688826
lane,0.6639268,55.92687,-3.2497041,29.01688826
luxury vehicle,0.64712167,55.92687,-3.2497041,29.01688826
asphalt,0.64579093,55.92687,-3.2497041,29.01688826
parking,0.6365775,55.92687,-3.2497041,29.01688826
property,0.9489192,55.92687,-3.2497048,0
family car,0.93720216,55.92687,-3.2497048,0
car,0.8932205,55.92687,-3.2497048,0
building,0.8665063,55.92687,-3.2497048,0
motor vehicle,0.86226976,55.92687,-3.2497048,0
luxury vehicle,0.84927684,55.92687,-3.2497048,0
vehicle,0.80843806,55.92687,-3.2497048,0
house,0.7259158,55.92687,-3.2497048,0
sedan,0.72299063,55.92687,-3.2497048,0
mid size car,0.7133791,55.92687,-3.2497048,0
executive car,0.71046764,55.92687,-3.2497048,0
real estate,0.68247694,55.92687,-3.2497048,0
facade,0.6747101,55.92687,-3.2497048,0
window,0.6470109,55.92687,-3.2497048,0
parking,0.6189873,55.92687,-3.2497048,0
home,0.6159244,55.92687,-3.2497048,0
automotive exterior,0.5841808,55.92687,-3.2497048,0
street,0.57130456,55.92687,-3.2497048,0
road,0.98087114,55.926872,-3.2452527,301.426854
car,0.942044,55.926872,-3.2452527,301.426854
transport,0.9326836,55.926872,-3.2452527,301.426854
lane,0.9258914,55.926872,-3.2452527,301.426854
motor vehicle,0.925332,55.926872,-3.2452527,301.426854
family car,0.8906157,55.926872,-3.2452527,301.426854
infrastructure,0.8837541,55.926872,-3.2452527,301.426854
mode of transport,0.8752302,55.926872,-3.2452527,301.426854
vehicle,0.8694605,55.926872,-3.2452527,301.426854
asphalt,0.8427912,55.926872,-3.2452527,301.426854
sky,0.7937695,55.926872,-3.2452527,301.426854
automotive exterior,0.78600276,55.926872,-3.2452527,301.426854
road trip,0.6945721,55.926872,-3.2452527,301.426854
highway,0.6863699,55.926872,-3.2452527,301.426854
parking,0.6294734,55.926872,-3.2452527,301.426854
sedan,0.60116476,55.926872,-3.2452527,301.426854
shoulder,0.58985245,55.926872,-3.2452527,301.426854
land lot,0.552839,55.926872,-3.2452527,301.426854
car,0.95803666,55.926874,-3.2496969,21.56081811
property,0.9433727,55.926874,-3.2496969,21.56081811
family car,0.92126465,55.926874,-3.2496969,21.56081811
town,0.8949185,55.926874,-3.2496969,21.56081811
transport,0.85085905,55.926874,-3.2496969,21.56081811
lane,0.79677683,55.926874,-3.2496969,21.56081811
luxury vehicle,0.77755165,55.926874,-3.2496969,21.56081811
neighbourhood,0.76674557,55.926874,-3.2496969,21.56081811
motor vehicle,0.76322776,55.926874,-3.2496969,21.56081811
vehicle,0.7580081,55.926874,-3.2496969,21.56081811
road,0.7575769,55.926874,-3.2496969,21.56081811
street,0.7499023,55.926874,-3.2496969,21.56081811
building,0.7298172,55.926874,-3.2496969,21.56081811
residential area,0.6966448,55.926874,-3.2496969,21.56081811
house,0.68150645,55.926874,-3.2496969,21.56081811
sedan,0.6589693,55.926874,-3.2496969,21.56081811
real estate,0.6562529,55.926874,-3.2496969,21.56081811
parking,0.6445684,55.926874,-3.2496969,21.56081811
car,0.9618468,55.92694,-3.2494677,206.7380643
property,0.948615,55.92694,-3.2494677,206.7380643
family car,0.935595,55.92694,-3.2494677,206.7380643
motor vehicle,0.9030196,55.92694,-3.2494677,206.7380643
luxury vehicle,0.88541204,55.92694,-3.2494677,206.7380643
transport,0.87746584,55.92694,-3.2494677,206.7380643
vehicle,0.8677947,55.92694,-3.2494677,206.7380643
road,0.8238794,55.92694,-3.2494677,206.7380643
automotive exterior,0.7356044,55.92694,-3.2494677,206.7380643
mid size car,0.7305155,55.92694,-3.2494677,206.7380643
sedan,0.7035191,55.92694,-3.2494677,206.7380643
building,0.6961732,55.92694,-3.2494677,206.7380643
real estate,0.6349378,55.92694,-3.2494677,206.7380643
executive car,0.6347681,55.92694,-3.2494677,206.7380643
facade,0.5900194,55.92694,-3.2494677,206.7380643
street,0.5764863,55.92694,-3.2494677,206.7380643
compact car,0.5751732,55.92694,-3.2494677,206.7380643
house,0.5694703,55.92694,-3.2494677,206.7380643
property,0.92579126,55.927062,-3.2459585,168.7174531
infrastructure,0.89616317,55.927062,-3.2459585,168.7174531
sky,0.88540345,55.927062,-3.2459585,168.7174531
residential area,0.8275348,55.927062,-3.2459585,168.7174531
road,0.82752156,55.927062,-3.2459585,168.7174531
land lot,0.8203945,55.927062,-3.2459585,168.7174531
structure,0.7918665,55.927062,-3.2459585,168.7174531
cloud,0.7248791,55.927062,-3.2459585,168.7174531
real estate,0.71110183,55.927062,-3.2459585,168.7174531
area,0.6720096,55.927062,-3.2459585,168.7174531
line,0.65642834,55.927062,-3.2459585,168.7174531
asphalt,0.6425593,55.927062,-3.2459585,168.7174531
suburb,0.60538137,55.927062,-3.2459585,168.7174531
angle,0.5726526,55.927062,-3.2459585,168.7174531
facade,0.5635551,55.927062,-3.2459585,168.7174531
landscape,0.52695453,55.927062,-3.2459585,168.7174531
urban design,0.50156176,55.927062,-3.2459585,168.7174531
motor vehicle,0.9656765,55.927091,-3.2464411,349.5749755
transport,0.95401627,55.927091,-3.2464411,349.5749755
family car,0.9301822,55.927091,-3.2464411,349.5749755
car,0.9294634,55.927091,-3.2464411,349.5749755
road,0.9046543,55.927091,-3.2464411,349.5749755
vehicle,0.8900065,55.927091,-3.2464411,349.5749755
property,0.88074636,55.927091,-3.2464411,349.5749755
mode of transport,0.8748842,55.927091,-3.2464411,349.5749755
automotive exterior,0.80725455,55.927091,-3.2464411,349.5749755
sky,0.78031844,55.927091,-3.2464411,349.5749755
mid size car,0.73079795,55.927091,-3.2464411,349.5749755
asphalt,0.7030019,55.927091,-3.2464411,349.5749755
parking,0.68667537,55.927091,-3.2464411,349.5749755
luxury vehicle,0.6618088,55.927091,-3.2464411,349.5749755
sedan,0.63395894,55.927091,-3.2464411,349.5749755
compact car,0.5814616,55.927091,-3.2464411,349.5749755
plant community,0.57983,55.927091,-3.2464411,349.5749755
road trip,0.5684053,55.927091,-3.2464411,349.5749755
road,0.99288946,55.927134,-3.2433953,192.7616331
lane,0.96390945,55.927134,-3.2433953,192.7616331
asphalt,0.9142443,55.927134,-3.2433953,192.7616331
transport,0.91364163,55.927134,-3.2433953,192.7616331
infrastructure,0.9028754,55.927134,-3.2433953,192.7616331
road surface,0.8040716,55.927134,-3.2433953,192.7616331
highway,0.767755,55.927134,-3.2433953,192.7616331
shoulder,0.72345114,55.927134,-3.2433953,192.7616331
sky,0.6905846,55.927134,-3.2433953,192.7616331
land lot,0.6834583,55.927134,-3.2433953,192.7616331
area,0.6720096,55.927134,-3.2433953,192.7616331
guard rail,0.6637509,55.927134,-3.2433953,192.7616331
thoroughfare,0.6489922,55.927134,-3.2433953,192.7616331
street light,0.6389455,55.927134,-3.2433953,192.7616331
vehicle,0.5899454,55.927134,-3.2433953,192.7616331
road trip,0.5826207,55.927134,-3.2433953,192.7616331
automotive exterior,0.57399076,55.927134,-3.2433953,192.7616331
tree,0.57381016,55.927134,-3.2433953,192.7616331
motor vehicle,0.93569547,55.927284,-3.2456709,336.2886899
road,0.92730206,55.927284,-3.2456709,336.2886899
transport,0.9076416,55.927284,-3.2456709,336.2886899
vehicle,0.8864258,55.927284,-3.2456709,336.2886899
mode of transport,0.87504315,55.927284,-3.2456709,336.2886899
car,0.8250832,55.927284,-3.2456709,336.2886899
family car,0.8168974,55.927284,-3.2456709,336.2886899
automotive exterior,0.7900131,55.927284,-3.2456709,336.2886899
asphalt,0.71326065,55.927284,-3.2456709,336.2886899
sky,0.6687089,55.927284,-3.2456709,336.2886899
parking,0.59048164,55.927284,-3.2456709,336.2886899
mid size car,0.56550354,55.927284,-3.2456709,336.2886899
angle,0.5521817,55.927284,-3.2456709,336.2886899
compact car,0.525965,55.927284,-3.2456709,336.2886899
plant community,0.52459204,55.927284,-3.2456709,336.2886899
sedan,0.5122935,55.927284,-3.2456709,336.2886899
road,0.9922399,55.927362,-3.2429882,34.23689227
lane,0.963673,55.927362,-3.2429882,34.23689227
asphalt,0.95004475,55.927362,-3.2429882,34.23689227
infrastructure,0.90116227,55.927362,-3.2429882,34.23689227
transport,0.889126,55.927362,-3.2429882,34.23689227
property,0.8849381,55.927362,-3.2429882,34.23689227
sky,0.8824931,55.927362,-3.2429882,34.23689227
mode of transport,0.8749355,55.927362,-3.2429882,34.23689227
road surface,0.7992032,55.927362,-3.2429882,34.23689227
residential area,0.7772577,55.927362,-3.2429882,34.23689227
highway,0.77653897,55.927362,-3.2429882,34.23689227
street,0.73622614,55.927362,-3.2429882,34.23689227
car,0.7295884,55.927362,-3.2429882,34.23689227
land lot,0.70548624,55.927362,-3.2429882,34.23689227
vehicle,0.6943696,55.927362,-3.2429882,34.23689227
shoulder,0.68158346,55.927362,-3.2429882,34.23689227
area,0.6720096,55.927362,-3.2429882,34.23689227
line,0.6533512,55.927362,-3.2429882,34.23689227
motor vehicle,0.96860904,55.927382,-3.2475599,193.0239301
property,0.94045144,55.927382,-3.2475599,193.0239301
vehicle,0.9143212,55.927382,-3.2475599,193.0239301
transport,0.90843725,55.927382,-3.2475599,193.0239301
car,0.90262955,55.927382,-3.2475599,193.0239301
family car,0.8970003,55.927382,-3.2475599,193.0239301
luxury vehicle,0.88032365,55.927382,-3.2475599,193.0239301
building,0.7586727,55.927382,-3.2475599,193.0239301
mid size car,0.7440704,55.927382,-3.2475599,193.0239301
automotive exterior,0.7321868,55.927382,-3.2475599,193.0239301
house,0.68794173,55.927382,-3.2475599,193.0239301
road,0.67044497,55.927382,-3.2475599,193.0239301
sedan,0.6203661,55.927382,-3.2475599,193.0239301
executive car,0.6123099,55.927382,-3.2475599,193.0239301
home,0.6095499,55.927382,-3.2475599,193.0239301
minivan,0.59244823,55.927382,-3.2475599,193.0239301
compact car,0.5811198,55.927382,-3.2475599,193.0239301
subcompact car,0.5759387,55.927382,-3.2475599,193.0239301
car,0.95258754,55.927496,-3.2485685,28.54369379
property,0.94196665,55.927496,-3.2485685,28.54369379
transport,0.89984685,55.927496,-3.2485685,28.54369379
town,0.8518963,55.927496,-3.2485685,28.54369379
vehicle,0.8241871,55.927496,-3.2485685,28.54369379
family car,0.81624764,55.927496,-3.2485685,28.54369379
motor vehicle,0.77750725,55.927496,-3.2485685,28.54369379
luxury vehicle,0.73857474,55.927496,-3.2485685,28.54369379
road,0.6993241,55.927496,-3.2485685,28.54369379
automotive exterior,0.6916051,55.927496,-3.2485685,28.54369379
asphalt,0.6675895,55.927496,-3.2485685,28.54369379
mid size car,0.63414264,55.927496,-3.2485685,28.54369379
street,0.6021773,55.927496,-3.2485685,28.54369379
lane,0.59840876,55.927496,-3.2485685,28.54369379
sedan,0.59646416,55.927496,-3.2485685,28.54369379
roof,0.58033985,55.927496,-3.2485685,28.54369379
subcompact car,0.5523578,55.927496,-3.2485685,28.54369379
building,0.5491925,55.927496,-3.2485685,28.54369379
motor vehicle,0.9755231,55.927496,-3.2485685,73.54369379
transport,0.9686504,55.927496,-3.2485685,73.54369379
car,0.96209484,55.927496,-3.2485685,73.54369379
vehicle,0.9509025,55.927496,-3.2485685,73.54369379
property,0.92321503,55.927496,-3.2485685,73.54369379
family car,0.91162044,55.927496,-3.2485685,73.54369379
mode of transport,0.87524855,55.927496,-3.2485685,73.54369379
road,0.82643235,55.927496,-3.2485685,73.54369379
automotive exterior,0.776389,55.927496,-3.2485685,73.54369379
luxury vehicle,0.7618098,55.927496,-3.2485685,73.54369379
city car,0.6961656,55.927496,-3.2485685,73.54369379
mid size car,0.6649165,55.927496,-3.2485685,73.54369379
parking,0.6323344,55.927496,-3.2485685,73.54369379
compact car,0.607784,55.927496,-3.2485685,73.54369379
asphalt,0.57715154,55.927496,-3.2485685,73.54369379
plant community,0.55591244,55.927496,-3.2485685,73.54369379
executive car,0.53617305,55.927496,-3.2485685,73.54369379
minivan,0.52478313,55.927496,-3.2485685,73.54369379
car,0.97304,55.927497,-3.248567,26.38051702
property,0.9413454,55.927497,-3.248567,26.38051702
transport,0.8939619,55.927497,-3.248567,26.38051702
family car,0.8916723,55.927497,-3.248567,26.38051702
motor vehicle,0.8807248,55.927497,-3.248567,26.38051702
vehicle,0.86613256,55.927497,-3.248567,26.38051702
town,0.8362057,55.927497,-3.248567,26.38051702
luxury vehicle,0.75170285,55.927497,-3.248567,26.38051702
road,0.71168625,55.927497,-3.248567,26.38051702
automotive exterior,0.70140374,55.927497,-3.248567,26.38051702
mid size car,0.6564409,55.927497,-3.248567,26.38051702
sedan,0.63800627,55.927497,-3.248567,26.38051702
asphalt,0.63185763,55.927497,-3.248567,26.38051702
lane,0.6164969,55.927497,-3.248567,26.38051702
street,0.60958314,55.927497,-3.248567,26.38051702
subcompact car,0.6055659,55.927497,-3.248567,26.38051702
executive car,0.59525126,55.927497,-3.248567,26.38051702
building,0.57624894,55.927497,-3.248567,26.38051702
motor vehicle,0.96768457,55.927497,-3.248567,71.38051702
car,0.9561337,55.927497,-3.248567,71.38051702
family car,0.944382,55.927497,-3.248567,71.38051702
transport,0.9419477,55.927497,-3.248567,71.38051702
property,0.9410627,55.927497,-3.248567,71.38051702
vehicle,0.91820157,55.927497,-3.248567,71.38051702
mode of transport,0.8751859,55.927497,-3.248567,71.38051702
road,0.87465316,55.927497,-3.248567,71.38051702
luxury vehicle,0.8274244,55.927497,-3.248567,71.38051702
automotive exterior,0.73537457,55.927497,-3.248567,71.38051702
mid size car,0.71883297,55.927497,-3.248567,71.38051702
parking,0.67999214,55.927497,-3.248567,71.38051702
building,0.6532109,55.927497,-3.248567,71.38051702
city car,0.6428043,55.927497,-3.248567,71.38051702
sky,0.62051284,55.927497,-3.248567,71.38051702
street,0.59520394,55.927497,-3.248567,71.38051702
house,0.59159786,55.927497,-3.248567,71.38051702
compact car,0.5914529,55.927497,-3.248567,71.38051702
car,0.9775608,55.927565,-3.2484301,4.509459452
motor vehicle,0.96155643,55.927565,-3.2484301,4.509459452
property,0.9230756,55.927565,-3.2484301,4.509459452
vehicle,0.87749934,55.927565,-3.2484301,4.509459452
family car,0.864596,55.927565,-3.2484301,4.509459452
transport,0.83612067,55.927565,-3.2484301,4.509459452
luxury vehicle,0.7788198,55.927565,-3.2484301,4.509459452
mid size car,0.76991796,55.927565,-3.2484301,4.509459452
automotive exterior,0.7432148,55.927565,-3.2484301,4.509459452
sedan,0.6462791,55.927565,-3.2484301,4.509459452
executive car,0.6299483,55.927565,-3.2484301,4.509459452
facade,0.6090522,55.927565,-3.2484301,4.509459452
compact car,0.60240096,55.927565,-3.2484301,4.509459452
subcompact car,0.56438714,55.927565,-3.2484301,4.509459452
building,0.55319023,55.927565,-3.2484301,4.509459452
car,0.96433324,55.927565,-3.2484301,49.50945945
property,0.9498777,55.927565,-3.2484301,49.50945945
family car,0.91454273,55.927565,-3.2484301,49.50945945
town,0.9108026,55.927565,-3.2484301,49.50945945
road,0.86701417,55.927565,-3.2484301,49.50945945
transport,0.8396202,55.927565,-3.2484301,49.50945945
street,0.7799527,55.927565,-3.2484301,49.50945945
luxury vehicle,0.77281046,55.927565,-3.2484301,49.50945945
vehicle,0.747214,55.927565,-3.2484301,49.50945945
sky,0.73758405,55.927565,-3.2484301,49.50945945
residential area,0.7202485,55.927565,-3.2484301,49.50945945
house,0.71051234,55.927565,-3.2484301,49.50945945
lane,0.68289334,55.927565,-3.2484301,49.50945945
automotive exterior,0.68019104,55.927565,-3.2484301,49.50945945
motor vehicle,0.6749064,55.927565,-3.2484301,49.50945945
sedan,0.6215011,55.927565,-3.2484301,49.50945945
home,0.6176438,55.927565,-3.2484301,49.50945945
building,0.61257684,55.927565,-3.2484301,49.50945945
property,0.9535552,55.927668,-3.2476907,335.2499643
town,0.82160074,55.927668,-3.2476907,335.2499643
building,0.7429907,55.927668,-3.2476907,335.2499643
residential area,0.7367501,55.927668,-3.2476907,335.2499643
asphalt,0.7117528,55.927668,-3.2476907,335.2499643
real estate,0.6910012,55.927668,-3.2476907,335.2499643
commercial building,0.623562,55.927668,-3.2476907,335.2499643
facade,0.613697,55.927668,-3.2476907,335.2499643
family car,0.6068385,55.927668,-3.2476907,335.2499643
sky,0.60535246,55.927668,-3.2476907,335.2499643
road,0.5964817,55.927668,-3.2476907,335.2499643
land lot,0.56511074,55.927668,-3.2476907,335.2499643
suburb,0.5550058,55.927668,-3.2476907,335.2499643
roof,0.5361469,55.927668,-3.2476907,335.2499643
elevation,0.531962,55.927668,-3.2476907,335.2499643
vehicle,0.503308,55.927668,-3.2476907,335.2499643
road,0.9840385,55.928227,-3.2412681,207.1577207
lane,0.9582828,55.928227,-3.2412681,207.1577207
property,0.89270365,55.928227,-3.2412681,207.1577207
asphalt,0.88893837,55.928227,-3.2412681,207.1577207
infrastructure,0.88808924,55.928227,-3.2412681,207.1577207
transport,0.8861435,55.928227,-3.2412681,207.1577207
town,0.84916854,55.928227,-3.2412681,207.1577207
sky,0.8152197,55.928227,-3.2412681,207.1577207
residential area,0.71637183,55.928227,-3.2412681,207.1577207
street,0.69062084,55.928227,-3.2412681,207.1577207
area,0.6720096,55.928227,-3.2412681,207.1577207
line,0.67056173,55.928227,-3.2412681,207.1577207
road surface,0.64520687,55.928227,-3.2412681,207.1577207
car,0.6307722,55.928227,-3.2412681,207.1577207
highway,0.6151168,55.928227,-3.2412681,207.1577207
shoulder,0.5883888,55.928227,-3.2412681,207.1577207
land lot,0.5786127,55.928227,-3.2412681,207.1577207
vehicle,0.5742012,55.928227,-3.2412681,207.1577207
road,0.9840419,55.928932,-3.2406849,39.05317034
lane,0.9603755,55.928932,-3.2406849,39.05317034
property,0.94825083,55.928932,-3.2406849,39.05317034
town,0.924422,55.928932,-3.2406849,39.05317034
residential area,0.9226019,55.928932,-3.2406849,39.05317034
asphalt,0.91782796,55.928932,-3.2406849,39.05317034
infrastructure,0.8952343,55.928932,-3.2406849,39.05317034
sky,0.87594986,55.928932,-3.2406849,39.05317034
transport,0.83572024,55.928932,-3.2406849,39.05317034
street,0.8294008,55.928932,-3.2406849,39.05317034
suburb,0.81353647,55.928932,-3.2406849,39.05317034
neighbourhood,0.8100263,55.928932,-3.2406849,39.05317034
house,0.7158899,55.928932,-3.2406849,39.05317034
land lot,0.71500456,55.928932,-3.2406849,39.05317034
road surface,0.7108569,55.928932,-3.2406849,39.05317034
area,0.6720096,55.928932,-3.2406849,39.05317034
real estate,0.66938686,55.928932,-3.2406849,39.05317034
home,0.6313999,55.928932,-3.2406849,39.05317034
road,0.9678568,55.929017,-3.2405438,227.4385976
property,0.9420018,55.929017,-3.2405438,227.4385976
lane,0.93983686,55.929017,-3.2405438,227.4385976
town,0.9176733,55.929017,-3.2405438,227.4385976
infrastructure,0.8913934,55.929017,-3.2405438,227.4385976
street,0.8641102,55.929017,-3.2405438,227.4385976
residential area,0.860211,55.929017,-3.2405438,227.4385976
neighbourhood,0.8591785,55.929017,-3.2405438,227.4385976
asphalt,0.79588574,55.929017,-3.2405438,227.4385976
sky,0.73865545,55.929017,-3.2405438,227.4385976
house,0.650616,55.929017,-3.2405438,227.4385976
real estate,0.64239436,55.929017,-3.2405438,227.4385976
building,0.6401844,55.929017,-3.2405438,227.4385976
urban design,0.6272733,55.929017,-3.2405438,227.4385976
facade,0.6248695,55.929017,-3.2405438,227.4385976
suburb,0.61108667,55.929017,-3.2405438,227.4385976
car,0.6022012,55.929017,-3.2405438,227.4385976
family car,0.593516,55.929017,-3.2405438,227.4385976
road,0.9895821,55.930233,-3.2391377,220.8079835
lane,0.9642063,55.930233,-3.2391377,220.8079835
residential area,0.93931353,55.930233,-3.2391377,220.8079835
sky,0.9217436,55.930233,-3.2391377,220.8079835
asphalt,0.91320187,55.930233,-3.2391377,220.8079835
property,0.9102547,55.930233,-3.2391377,220.8079835
infrastructure,0.89977807,55.930233,-3.2391377,220.8079835
transport,0.8873314,55.930233,-3.2391377,220.8079835
town,0.886768,55.930233,-3.2391377,220.8079835
street,0.8567178,55.930233,-3.2391377,220.8079835
suburb,0.8201596,55.930233,-3.2391377,220.8079835
neighbourhood,0.7802558,55.930233,-3.2391377,220.8079835
road surface,0.7678039,55.930233,-3.2391377,220.8079835
thoroughfare,0.7538129,55.930233,-3.2391377,220.8079835
urban design,0.673293,55.930233,-3.2391377,220.8079835
area,0.6720096,55.930233,-3.2391377,220.8079835
cloud,0.6508186,55.930233,-3.2391377,220.8079835
highway,0.64112455,55.930233,-3.2391377,220.8079835
road,0.98972076,55.930987,-3.2381702,217.8858815
lane,0.96386635,55.930987,-3.2381702,217.8858815
property,0.9271467,55.930987,-3.2381702,217.8858815
asphalt,0.92431086,55.930987,-3.2381702,217.8858815
infrastructure,0.900531,55.930987,-3.2381702,217.8858815
town,0.8954628,55.930987,-3.2381702,217.8858815
residential area,0.8864871,55.930987,-3.2381702,217.8858815
transport,0.8417087,55.930987,-3.2381702,217.8858815
sky,0.8370601,55.930987,-3.2381702,217.8858815
street,0.8196728,55.930987,-3.2381702,217.8858815
neighbourhood,0.78783923,55.930987,-3.2381702,217.8858815
suburb,0.76912373,55.930987,-3.2381702,217.8858815
road surface,0.76163834,55.930987,-3.2381702,217.8858815
tree,0.7275109,55.930987,-3.2381702,217.8858815
land lot,0.71366304,55.930987,-3.2381702,217.8858815
area,0.6720096,55.930987,-3.2381702,217.8858815
thoroughfare,0.597849,55.930987,-3.2381702,217.8858815
urban design,0.57078016,55.930987,-3.2381702,217.8858815
property,0.94245964,55.931119,-3.2379936,42.065603
lane,0.9345411,55.931119,-3.2379936,42.065603
road,0.9273817,55.931119,-3.2379936,42.065603
asphalt,0.90924925,55.931119,-3.2379936,42.065603
infrastructure,0.891035,55.931119,-3.2379936,42.065603
town,0.8790751,55.931119,-3.2379936,42.065603
residential area,0.77553093,55.931119,-3.2379936,42.065603
street,0.7545582,55.931119,-3.2379936,42.065603
sky,0.73341715,55.931119,-3.2379936,42.065603
area,0.6720096,55.931119,-3.2379936,42.065603
real estate,0.66452307,55.931119,-3.2379936,42.065603
line,0.65243155,55.931119,-3.2379936,42.065603
building,0.65125376,55.931119,-3.2379936,42.065603
facade,0.6306277,55.931119,-3.2379936,42.065603
road surface,0.62588984,55.931119,-3.2379936,42.065603
suburb,0.60367364,55.931119,-3.2379936,42.065603
roof,0.55583185,55.931119,-3.2379936,42.065603
angle,0.55355215,55.931119,-3.2379936,42.065603
property,0.9301948,55.931694,-3.237308,219.3066948
lane,0.915237,55.931694,-3.237308,219.3066948
road,0.89887124,55.931694,-3.237308,219.3066948
infrastructure,0.885332,55.931694,-3.237308,219.3066948
town,0.8688304,55.931694,-3.237308,219.3066948
transport,0.8239907,55.931694,-3.237308,219.3066948
sky,0.76938885,55.931694,-3.237308,219.3066948
street,0.7414995,55.931694,-3.237308,219.3066948
neighbourhood,0.7053508,55.931694,-3.237308,219.3066948
building,0.6972982,55.931694,-3.237308,219.3066948
facade,0.65284413,55.931694,-3.237308,219.3066948
real estate,0.6332218,55.931694,-3.237308,219.3066948
downtown,0.6100808,55.931694,-3.237308,219.3066948
asphalt,0.5948203,55.931694,-3.237308,219.3066948
urban design,0.5785976,55.931694,-3.237308,219.3066948
city,0.51647055,55.931694,-3.237308,219.3066948
plaza,0.5084173,55.931694,-3.237308,219.3066948
road,0.9876928,55.93247,-3.236499,30.86895381
lane,0.9643836,55.93247,-3.236499,30.86895381
property,0.92963636,55.93247,-3.236499,30.86895381
town,0.9264408,55.93247,-3.236499,30.86895381
street,0.90143967,55.93247,-3.236499,30.86895381
asphalt,0.89985245,55.93247,-3.236499,30.86895381
infrastructure,0.8980603,55.93247,-3.236499,30.86895381
residential area,0.8978946,55.93247,-3.236499,30.86895381
transport,0.8557446,55.93247,-3.236499,30.86895381
neighbourhood,0.8416263,55.93247,-3.236499,30.86895381
sky,0.8147409,55.93247,-3.236499,30.86895381
suburb,0.75283235,55.93247,-3.236499,30.86895381
road surface,0.74144495,55.93247,-3.236499,30.86895381
car,0.7413617,55.93247,-3.236499,30.86895381
thoroughfare,0.7091854,55.93247,-3.236499,30.86895381
house,0.6701266,55.93247,-3.236499,30.86895381
vehicle,0.5652644,55.93247,-3.236499,30.86895381
urban design,0.5610744,55.93247,-3.236499,30.86895381
road,0.98574775,55.932771,-3.2359422,218.2129956
lane,0.96063554,55.932771,-3.2359422,218.2129956
property,0.9195153,55.932771,-3.2359422,218.2129956
transport,0.90106493,55.932771,-3.2359422,218.2129956
infrastructure,0.89622986,55.932771,-3.2359422,218.2129956
asphalt,0.8850308,55.932771,-3.2359422,218.2129956
town,0.8830688,55.932771,-3.2359422,218.2129956
street,0.8001232,55.932771,-3.2359422,218.2129956
sky,0.73206234,55.932771,-3.2359422,218.2129956
thoroughfare,0.6476956,55.932771,-3.2359422,218.2129956
car,0.6373102,55.932771,-3.2359422,218.2129956
advertising,0.6213969,55.932771,-3.2359422,218.2129956
vehicle,0.610671,55.932771,-3.2359422,218.2129956
highway,0.5978314,55.932771,-3.2359422,218.2129956
angle,0.5409216,55.932771,-3.2359422,218.2129956
road surface,0.53506726,55.932771,-3.2359422,218.2129956
shoulder,0.5303198,55.932771,-3.2359422,218.2129956
car,0.9490235,55.933488,-3.2291221,170.576972
property,0.9326762,55.933488,-3.2291221,170.576972
family car,0.9042006,55.933488,-3.2291221,170.576972
motor vehicle,0.89187956,55.933488,-3.2291221,170.576972
vehicle,0.86197644,55.933488,-3.2291221,170.576972
luxury vehicle,0.86055464,55.933488,-3.2291221,170.576972
building,0.7005139,55.933488,-3.2291221,170.576972
mid size car,0.6486031,55.933488,-3.2291221,170.576972
street,0.6272775,55.933488,-3.2291221,170.576972
sedan,0.62597847,55.933488,-3.2291221,170.576972
automotive exterior,0.6244024,55.933488,-3.2291221,170.576972
facade,0.5910431,55.933488,-3.2291221,170.576972
executive car,0.58846545,55.933488,-3.2291221,170.576972
parking,0.5429262,55.933488,-3.2291221,170.576972
window,0.53539485,55.933488,-3.2291221,170.576972
compact car,0.5106612,55.933488,-3.2291221,170.576972
road,0.97153103,55.933617,-3.2345832,24.13943585
lane,0.9556552,55.933617,-3.2345832,24.13943585
property,0.93943375,55.933617,-3.2345832,24.13943585
town,0.9163432,55.933617,-3.2345832,24.13943585
infrastructure,0.89713687,55.933617,-3.2345832,24.13943585
street,0.895187,55.933617,-3.2345832,24.13943585
neighbourhood,0.88468,55.933617,-3.2345832,24.13943585
residential area,0.8037371,55.933617,-3.2345832,24.13943585
asphalt,0.7812435,55.933617,-3.2345832,24.13943585
building,0.72441804,55.933617,-3.2345832,24.13943585
sky,0.6651819,55.933617,-3.2345832,24.13943585
facade,0.6650991,55.933617,-3.2345832,24.13943585
urban design,0.6283654,55.933617,-3.2345832,24.13943585
real estate,0.61174464,55.933617,-3.2345832,24.13943585
house,0.5827247,55.933617,-3.2345832,24.13943585
angle,0.55409205,55.933617,-3.2345832,24.13943585
city,0.5181784,55.933617,-3.2345832,24.13943585
apartment,0.5073347,55.933617,-3.2345832,24.13943585
road,0.9532829,55.933677,-3.2302591,150.0452961
town,0.9349817,55.933677,-3.2302591,150.0452961
property,0.9295791,55.933677,-3.2302591,150.0452961
lane,0.8988438,55.933677,-3.2302591,150.0452961
residential area,0.88167864,55.933677,-3.2302591,150.0452961
infrastructure,0.87737256,55.933677,-3.2302591,150.0452961
sky,0.8716624,55.933677,-3.2302591,150.0452961
neighbourhood,0.8610758,55.933677,-3.2302591,150.0452961
street,0.8110506,55.933677,-3.2302591,150.0452961
suburb,0.7338375,55.933677,-3.2302591,150.0452961
urban design,0.6472977,55.933677,-3.2302591,150.0452961
land lot,0.61661637,55.933677,-3.2302591,150.0452961
facade,0.6056422,55.933677,-3.2302591,150.0452961
house,0.59183866,55.933677,-3.2302591,150.0452961
road surface,0.55776846,55.933677,-3.2302591,150.0452961
building,0.5568614,55.933677,-3.2302591,150.0452961
asphalt,0.55366164,55.933677,-3.2302591,150.0452961
angle,0.5442341,55.933677,-3.2302591,150.0452961
road,0.96564573,55.933764,-3.2342812,210.832098
lane,0.9456586,55.933764,-3.2342812,210.832098
property,0.92087966,55.933764,-3.2342812,210.832098
infrastructure,0.8962659,55.933764,-3.2342812,210.832098
town,0.84363633,55.933764,-3.2342812,210.832098
transport,0.8320479,55.933764,-3.2342812,210.832098
asphalt,0.82496864,55.933764,-3.2342812,210.832098
street,0.8106009,55.933764,-3.2342812,210.832098
building,0.7242126,55.933764,-3.2342812,210.832098
neighbourhood,0.6760123,55.933764,-3.2342812,210.832098
facade,0.6400986,55.933764,-3.2342812,210.832098
angle,0.57067764,55.933764,-3.2342812,210.832098
sky,0.5638749,55.933764,-3.2342812,210.832098
vehicle,0.53969944,55.933764,-3.2342812,210.832098
road,0.9522997,55.934131,-3.233569,207.2250295
property,0.9427324,55.934131,-3.233569,207.2250295
town,0.9280173,55.934131,-3.233569,207.2250295
lane,0.90139407,55.934131,-3.233569,207.2250295
neighbourhood,0.88900393,55.934131,-3.233569,207.2250295
street,0.87611,55.934131,-3.233569,207.2250295
car,0.8758564,55.934131,-3.233569,207.2250295
infrastructure,0.8693386,55.934131,-3.233569,207.2250295
residential area,0.7965236,55.934131,-3.233569,207.2250295
asphalt,0.76888674,55.934131,-3.233569,207.2250295
family car,0.76573586,55.934131,-3.233569,207.2250295
building,0.7471711,55.934131,-3.233569,207.2250295
sky,0.7037096,55.934131,-3.233569,207.2250295
vehicle,0.6422296,55.934131,-3.233569,207.2250295
suburb,0.635518,55.934131,-3.233569,207.2250295
facade,0.6252528,55.934131,-3.233569,207.2250295
house,0.59258246,55.934131,-3.233569,207.2250295
sedan,0.5329203,55.934131,-3.233569,207.2250295
property,0.94533485,55.93428,-3.2333136,210.2193634
town,0.92528933,55.93428,-3.2333136,210.2193634
neighbourhood,0.87415457,55.93428,-3.2333136,210.2193634
infrastructure,0.86281615,55.93428,-3.2333136,210.2193634
road,0.83939314,55.93428,-3.2333136,210.2193634
residential area,0.8392372,55.93428,-3.2333136,210.2193634
building,0.75956285,55.93428,-3.2333136,210.2193634
urban design,0.75134194,55.93428,-3.2333136,210.2193634
street,0.72358483,55.93428,-3.2333136,210.2193634
lane,0.7028901,55.93428,-3.2333136,210.2193634
facade,0.67068535,55.93428,-3.2333136,210.2193634
suburb,0.65609896,55.93428,-3.2333136,210.2193634
asphalt,0.65481174,55.93428,-3.2333136,210.2193634
real estate,0.652214,55.93428,-3.2333136,210.2193634
home,0.63805366,55.93428,-3.2333136,210.2193634
land lot,0.6253947,55.93428,-3.2333136,210.2193634
estate,0.6178137,55.93428,-3.2333136,210.2193634
sky,0.60897875,55.93428,-3.2333136,210.2193634
transport,0.9533299,55.934435,-3.2327559,195.5083586
track,0.89212215,55.934435,-3.2327559,195.5083586
property,0.88178825,55.934435,-3.2327559,195.5083586
vehicle,0.8263157,55.934435,-3.2327559,195.5083586
rolling stock,0.79126674,55.934435,-3.2327559,195.5083586
road,0.7123552,55.934435,-3.2327559,195.5083586
asphalt,0.59872824,55.934435,-3.2327559,195.5083586
train,0.58909893,55.934435,-3.2327559,195.5083586
lane,0.556581,55.934435,-3.2327559,195.5083586
railroad car,0.54393697,55.934435,-3.2327559,195.5083586
cargo,0.50598574,55.934435,-3.2327559,195.5083586
property,0.9345791,55.934438,-3.2315775,168.6857859
town,0.9196814,55.934438,-3.2315775,168.6857859
neighbourhood,0.9049048,55.934438,-3.2315775,168.6857859
road,0.8579998,55.934438,-3.2315775,168.6857859
street,0.84234357,55.934438,-3.2315775,168.6857859
residential area,0.8352475,55.934438,-3.2315775,168.6857859
lane,0.79849464,55.934438,-3.2315775,168.6857859
urban design,0.78568345,55.934438,-3.2315775,168.6857859
building,0.6907483,55.934438,-3.2315775,168.6857859
mixed use,0.6831105,55.934438,-3.2315775,168.6857859
facade,0.6643519,55.934438,-3.2315775,168.6857859
house,0.6623305,55.934438,-3.2315775,168.6857859
real estate,0.642082,55.934438,-3.2315775,168.6857859
home,0.6233731,55.934438,-3.2315775,168.6857859
suburb,0.56215066,55.934438,-3.2315775,168.6857859
apartment,0.54975617,55.934438,-3.2315775,168.6857859
city,0.5432237,55.934438,-3.2315775,168.6857859
transport,0.9645154,55.934536,-3.2325358,25.09232748
motor vehicle,0.88077503,55.934536,-3.2325358,25.09232748
mode of transport,0.8752459,55.934536,-3.2325358,25.09232748
vehicle,0.7724035,55.934536,-3.2325358,25.09232748
bus,0.75209665,55.934536,-3.2325358,25.09232748
public transport,0.7229266,55.934536,-3.2325358,25.09232748
metropolitan area,0.6181697,55.934536,-3.2325358,25.09232748
compact car,0.5921877,55.934536,-3.2325358,25.09232748
family car,0.572236,55.934536,-3.2325358,25.09232748
automotive exterior,0.5706235,55.934536,-3.2325358,25.09232748
lane,0.55817527,55.934536,-3.2325358,25.09232748
luxury vehicle,0.55463326,55.934536,-3.2325358,25.09232748
road,0.9680245,55.934568,-3.2322262,194.0730991
property,0.93047047,55.934568,-3.2322262,194.0730991
car,0.9273012,55.934568,-3.2322262,194.0730991
lane,0.91654414,55.934568,-3.2322262,194.0730991
motor vehicle,0.89985955,55.934568,-3.2322262,194.0730991
transport,0.87923,55.934568,-3.2322262,194.0730991
infrastructure,0.8738781,55.934568,-3.2322262,194.0730991
vehicle,0.8543376,55.934568,-3.2322262,194.0730991
family car,0.8348526,55.934568,-3.2322262,194.0730991
asphalt,0.8192396,55.934568,-3.2322262,194.0730991
street,0.7482215,55.934568,-3.2322262,194.0730991
residential area,0.7429526,55.934568,-3.2322262,194.0730991
automotive exterior,0.72772026,55.934568,-3.2322262,194.0730991
parking,0.68867135,55.934568,-3.2322262,194.0730991
sky,0.62818485,55.934568,-3.2322262,194.0730991
suburb,0.6072882,55.934568,-3.2322262,194.0730991
tree,0.6015341,55.934568,-3.2322262,194.0730991
sedan,0.5908106,55.934568,-3.2322262,194.0730991
car,0.9731335,55.934584,-3.2271365,208.8590521
road,0.966682,55.934584,-3.2271365,208.8590521
lane,0.9466425,55.934584,-3.2271365,208.8590521
motor vehicle,0.9404341,55.934584,-3.2271365,208.8590521
transport,0.9263437,55.934584,-3.2271365,208.8590521
property,0.92246544,55.934584,-3.2271365,208.8590521
family car,0.91955143,55.934584,-3.2271365,208.8590521
vehicle,0.89559007,55.934584,-3.2271365,208.8590521
mode of transport,0.87516975,55.934584,-3.2271365,208.8590521
town,0.8198195,55.934584,-3.2271365,208.8590521
asphalt,0.81264406,55.934584,-3.2271365,208.8590521
tree,0.7993493,55.934584,-3.2271365,208.8590521
street,0.7919627,55.934584,-3.2271365,208.8590521
sky,0.7112348,55.934584,-3.2271365,208.8590521
automotive exterior,0.6898865,55.934584,-3.2271365,208.8590521
residential area,0.6856821,55.934584,-3.2271365,208.8590521
sedan,0.6814717,55.934584,-3.2271365,208.8590521
area,0.6720096,55.934584,-3.2271365,208.8590521
motor vehicle,0.95927376,55.935219,-3.2262657,216.0567563
car,0.9519111,55.935219,-3.2262657,216.0567563
luxury vehicle,0.8892378,55.935219,-3.2262657,216.0567563
family car,0.88066363,55.935219,-3.2262657,216.0567563
property,0.8780156,55.935219,-3.2262657,216.0567563
mode of transport,0.87482697,55.935219,-3.2262657,216.0567563
vehicle,0.85448205,55.935219,-3.2262657,216.0567563
sky,0.79203886,55.935219,-3.2262657,216.0567563
automotive exterior,0.781933,55.935219,-3.2262657,216.0567563
parking,0.7072306,55.935219,-3.2262657,216.0567563
road,0.66587526,55.935219,-3.2262657,216.0567563
parking lot,0.66260636,55.935219,-3.2262657,216.0567563
asphalt,0.6605385,55.935219,-3.2262657,216.0567563
sedan,0.62110096,55.935219,-3.2262657,216.0567563
mid size car,0.6087277,55.935219,-3.2262657,216.0567563
subcompact car,0.5906177,55.935219,-3.2262657,216.0567563
compact car,0.55729663,55.935219,-3.2262657,216.0567563
landscape,0.5446744,55.935219,-3.2262657,216.0567563
road,0.9888985,55.935638,-3.2301862,24.28963046
lane,0.9609286,55.935638,-3.2301862,24.28963046
property,0.9094612,55.935638,-3.2301862,24.28963046
infrastructure,0.9008227,55.935638,-3.2301862,24.28963046
asphalt,0.8457866,55.935638,-3.2301862,24.28963046
road surface,0.7692716,55.935638,-3.2301862,24.28963046
sky,0.76905316,55.935638,-3.2301862,24.28963046
residential area,0.7409008,55.935638,-3.2301862,24.28963046
land lot,0.73510224,55.935638,-3.2301862,24.28963046
guard rail,0.71883345,55.935638,-3.2301862,24.28963046
area,0.6720096,55.935638,-3.2301862,24.28963046
shoulder,0.6660246,55.935638,-3.2301862,24.28963046
thoroughfare,0.6539762,55.935638,-3.2301862,24.28963046
highway,0.65327895,55.935638,-3.2301862,24.28963046
urban design,0.563183,55.935638,-3.2301862,24.28963046
tree,0.55531424,55.935638,-3.2301862,24.28963046
angle,0.54537976,55.935638,-3.2301862,24.28963046
fixed link,0.5395301,55.935638,-3.2301862,24.28963046
road,0.99312186,55.936483,-3.2283168,24.39004296
lane,0.96530235,55.936483,-3.2283168,24.39004296
asphalt,0.94330025,55.936483,-3.2283168,24.39004296
infrastructure,0.90359354,55.936483,-3.2283168,24.39004296
transport,0.8769197,55.936483,-3.2283168,24.39004296
mode of transport,0.8752051,55.936483,-3.2283168,24.39004296
thoroughfare,0.80291474,55.936483,-3.2283168,24.39004296
road surface,0.7940066,55.936483,-3.2283168,24.39004296
highway,0.7739535,55.936483,-3.2283168,24.39004296
road trip,0.7557028,55.936483,-3.2283168,24.39004296
path,0.72149813,55.936483,-3.2283168,24.39004296
shoulder,0.71669745,55.936483,-3.2283168,24.39004296
car,0.69556504,55.936483,-3.2283168,24.39004296
vehicle,0.68519545,55.936483,-3.2283168,24.39004296
area,0.6720096,55.936483,-3.2283168,24.39004296
street,0.6690289,55.936483,-3.2283168,24.39004296
tree,0.6663018,55.936483,-3.2283168,24.39004296
automotive exterior,0.6098387,55.936483,-3.2283168,24.39004296
road,0.99082845,55.936549,-3.2243901,215.2978112
lane,0.96312815,55.936549,-3.2243901,215.2978112
asphalt,0.91042346,55.936549,-3.2243901,215.2978112
residential area,0.9066934,55.936549,-3.2243901,215.2978112
infrastructure,0.89776415,55.936549,-3.2243901,215.2978112
property,0.8961805,55.936549,-3.2243901,215.2978112
town,0.8915274,55.936549,-3.2243901,215.2978112
mode of transport,0.8749136,55.936549,-3.2243901,215.2978112
sky,0.86859643,55.936549,-3.2243901,215.2978112
tree,0.8591925,55.936549,-3.2243901,215.2978112
transport,0.8514097,55.936549,-3.2243901,215.2978112
street,0.83735126,55.936549,-3.2243901,215.2978112
suburb,0.8358776,55.936549,-3.2243901,215.2978112
road surface,0.76180196,55.936549,-3.2243901,215.2978112
car,0.7249818,55.936549,-3.2243901,215.2978112
land lot,0.72297984,55.936549,-3.2243901,215.2978112
neighbourhood,0.7051937,55.936549,-3.2243901,215.2978112
area,0.6720096,55.936549,-3.2243901,215.2978112
property,0.9265685,55.937626,-3.2257999,28.6124206
town,0.9053987,55.937626,-3.2257999,28.6124206
infrastructure,0.87281984,55.937626,-3.2257999,28.6124206
transport,0.87081355,55.937626,-3.2257999,28.6124206
road,0.86488193,55.937626,-3.2257999,28.6124206
asphalt,0.6760982,55.937626,-3.2257999,28.6124206
real estate,0.6749944,55.937626,-3.2257999,28.6124206
lane,0.6612792,55.937626,-3.2257999,28.6124206
facade,0.6425986,55.937626,-3.2257999,28.6124206
street,0.59157145,55.937626,-3.2257999,28.6124206
sky,0.54918325,55.937626,-3.2257999,28.6124206
roof,0.5422497,55.937626,-3.2257999,28.6124206
building,0.5360218,55.937626,-3.2257999,28.6124206
vehicle,0.5344835,55.937626,-3.2257999,28.6124206
car,0.9779784,55.938173,-3.2237541,248.5825374
motor vehicle,0.9621133,55.938173,-3.2237541,248.5825374
property,0.9449843,55.938173,-3.2237541,248.5825374
vehicle,0.93758947,55.938173,-3.2237541,248.5825374
transport,0.936151,55.938173,-3.2237541,248.5825374
family car,0.93250424,55.938173,-3.2237541,248.5825374
road,0.9053176,55.938173,-3.2237541,248.5825374
luxury vehicle,0.82095915,55.938173,-3.2237541,248.5825374
asphalt,0.8182721,55.938173,-3.2237541,248.5825374
parking,0.79759973,55.938173,-3.2237541,248.5825374
sedan,0.7098596,55.938173,-3.2237541,248.5825374
automotive exterior,0.69564664,55.938173,-3.2237541,248.5825374
area,0.6720096,55.938173,-3.2237541,248.5825374
subcompact car,0.65498286,55.938173,-3.2237541,248.5825374
real estate,0.6290261,55.938173,-3.2237541,248.5825374
street,0.6208132,55.938173,-3.2237541,248.5825374
parking lot,0.6099189,55.938173,-3.2237541,248.5825374
mid size car,0.59741205,55.938173,-3.2237541,248.5825374
road,0.989631,55.938894,-3.2234791,19.81414606
lane,0.9636518,55.938894,-3.2234791,19.81414606
asphalt,0.94502044,55.938894,-3.2234791,19.81414606
transport,0.9061463,55.938894,-3.2234791,19.81414606
infrastructure,0.89512664,55.938894,-3.2234791,19.81414606
property,0.88903344,55.938894,-3.2234791,19.81414606
car,0.88537425,55.938894,-3.2234791,19.81414606
sky,0.8773379,55.938894,-3.2234791,19.81414606
mode of transport,0.87520945,55.938894,-3.2234791,19.81414606
vehicle,0.8059989,55.938894,-3.2234791,19.81414606
road surface,0.76851934,55.938894,-3.2234791,19.81414606
street,0.7561682,55.938894,-3.2234791,19.81414606
highway,0.7458582,55.938894,-3.2234791,19.81414606
road trip,0.70200175,55.938894,-3.2234791,19.81414606
residential area,0.6733704,55.938894,-3.2234791,19.81414606
area,0.6720096,55.938894,-3.2234791,19.81414606
shoulder,0.6451151,55.938894,-3.2234791,19.81414606
land lot,0.6051531,55.938894,-3.2234791,19.81414606
property,0.94506645,55.939277,-3.2221567,214.6068152
house,0.777272,55.939277,-3.2221567,214.6068152
home,0.77250916,55.939277,-3.2221567,214.6068152
real estate,0.6972704,55.939277,-3.2221567,214.6068152
neighbourhood,0.6881548,55.939277,-3.2221567,214.6068152
residential area,0.67035604,55.939277,-3.2221567,214.6068152
road,0.63582987,55.939277,-3.2221567,214.6068152
building,0.6288382,55.939277,-3.2221567,214.6068152
facade,0.6018324,55.939277,-3.2221567,214.6068152
street,0.5699298,55.939277,-3.2221567,214.6068152
angle,0.5537671,55.939277,-3.2221567,214.6068152
window,0.5259368,55.939277,-3.2221567,214.6068152
vehicle,0.524661,55.939277,-3.2221567,214.6068152
roof,0.5151419,55.939277,-3.2221567,214.6068152
estate,0.50787723,55.939277,-3.2221567,214.6068152
property,0.92226833,55.939855,-3.2208161,11.26949521
family car,0.9203498,55.939855,-3.2208161,11.26949521
motor vehicle,0.8940646,55.939855,-3.2208161,11.26949521
car,0.89226884,55.939855,-3.2208161,11.26949521
luxury vehicle,0.8854846,55.939855,-3.2208161,11.26949521
vehicle,0.8171533,55.939855,-3.2208161,11.26949521
building,0.73535424,55.939855,-3.2208161,11.26949521
executive car,0.7139817,55.939855,-3.2208161,11.26949521
automotive exterior,0.6913186,55.939855,-3.2208161,11.26949521
mid size car,0.68785584,55.939855,-3.2208161,11.26949521
real estate,0.6006407,55.939855,-3.2208161,11.26949521
facade,0.58336866,55.939855,-3.2208161,11.26949521
parking,0.5685647,55.939855,-3.2208161,11.26949521
sedan,0.5685151,55.939855,-3.2208161,11.26949521
compact car,0.55454516,55.939855,-3.2208161,11.26949521
town,0.92125034,55.939903,-3.220329,198.8789329
property,0.9200017,55.939903,-3.220329,198.8789329
road,0.91510063,55.939903,-3.220329,198.8789329
lane,0.84680164,55.939903,-3.220329,198.8789329
street,0.8322113,55.939903,-3.220329,198.8789329
transport,0.820515,55.939903,-3.220329,198.8789329
neighbourhood,0.7576864,55.939903,-3.220329,198.8789329
building,0.6780942,55.939903,-3.220329,198.8789329
asphalt,0.64933914,55.939903,-3.220329,198.8789329
facade,0.5999443,55.939903,-3.220329,198.8789329
city,0.5906004,55.939903,-3.220329,198.8789329
vehicle,0.56476796,55.939903,-3.220329,198.8789329
tours,0.54043955,55.939903,-3.220329,198.8789329
sky,0.53556156,55.939903,-3.220329,198.8789329
property,0.92038393,55.940251,-3.2186113,191.4352912
advertising,0.61171097,55.940251,-3.2186113,191.4352912
facade,0.56929934,55.940251,-3.2186113,191.4352912
building,0.56438065,55.940251,-3.2186113,191.4352912
vehicle,0.5345759,55.940251,-3.2186113,191.4352912
road,0.9732114,55.940255,-3.2188119,16.06973657
motor vehicle,0.9601702,55.940255,-3.2188119,16.06973657
transport,0.9524891,55.940255,-3.2188119,16.06973657
family car,0.93428123,55.940255,-3.2188119,16.06973657
car,0.90993285,55.940255,-3.2188119,16.06973657
property,0.8891865,55.940255,-3.2188119,16.06973657
vehicle,0.86789626,55.940255,-3.2188119,16.06973657
infrastructure,0.8644709,55.940255,-3.2188119,16.06973657
lane,0.84124094,55.940255,-3.2188119,16.06973657
asphalt,0.81419975,55.940255,-3.2188119,16.06973657
sky,0.7475783,55.940255,-3.2188119,16.06973657
automotive exterior,0.7369275,55.940255,-3.2188119,16.06973657
parking,0.69184566,55.940255,-3.2188119,16.06973657
sedan,0.63429236,55.940255,-3.2188119,16.06973657
road trip,0.63387287,55.940255,-3.2188119,16.06973657
luxury vehicle,0.61034805,55.940255,-3.2188119,16.06973657
land lot,0.545524,55.940255,-3.2188119,16.06973657
mid size car,0.54537153,55.940255,-3.2188119,16.06973657
transport,0.9192304,55.940749,-3.2170997,22.07339943
road,0.8997402,55.940749,-3.2170997,22.07339943
motor vehicle,0.84589213,55.940749,-3.2170997,22.07339943
sky,0.83754617,55.940749,-3.2170997,22.07339943
car,0.78508615,55.940749,-3.2170997,22.07339943
vehicle,0.74587315,55.940749,-3.2170997,22.07339943
technology,0.64703155,55.940749,-3.2170997,22.07339943
family car,0.63520473,55.940749,-3.2170997,22.07339943
automotive exterior,0.5927579,55.940749,-3.2170997,22.07339943
lane,0.58331573,55.940749,-3.2170997,22.07339943
asphalt,0.5402315,55.940749,-3.2170997,22.07339943
road trip,0.528223,55.940749,-3.2170997,22.07339943
parking,0.5156799,55.940749,-3.2170997,22.07339943
land lot,0.51115453,55.940749,-3.2170997,22.07339943
panorama,0.5020781,55.940749,-3.2170997,22.07339943
property,0.9145285,55.940906,-3.2167453,199.3137609
transport,0.88973695,55.940906,-3.2167453,199.3137609
real estate,0.6399517,55.940906,-3.2167453,199.3137609
road,0.5821282,55.940906,-3.2167453,199.3137609
advertising,0.58190274,55.940906,-3.2167453,199.3137609
angle,0.55297107,55.940906,-3.2167453,199.3137609
building,0.55222815,55.940906,-3.2167453,199.3137609
vehicle,0.52986073,55.940906,-3.2167453,199.3137609
facade,0.51895,55.940906,-3.2167453,199.3137609
asphalt,0.917151,55.941509,-3.2152285,22.61263074
road,0.90980595,55.941509,-3.2152285,22.61263074
property,0.90255004,55.941509,-3.2152285,22.61263074
infrastructure,0.87761813,55.941509,-3.2152285,22.61263074
transport,0.8254501,55.941509,-3.2152285,22.61263074
structure,0.7951486,55.941509,-3.2152285,22.61263074
lane,0.7746513,55.941509,-3.2152285,22.61263074
roof,0.73371613,55.941509,-3.2152285,22.61263074
area,0.6720096,55.941509,-3.2152285,22.61263074
line,0.66412205,55.941509,-3.2152285,22.61263074
parking lot,0.6500759,55.941509,-3.2152285,22.61263074
parking,0.64021707,55.941509,-3.2152285,22.61263074
road surface,0.6386,55.941509,-3.2152285,22.61263074
automotive exterior,0.59443337,55.941509,-3.2152285,22.61263074
angle,0.5564922,55.941509,-3.2152285,22.61263074
sky,0.5536209,55.941509,-3.2152285,22.61263074
property,0.91584533,55.941661,-3.2147858,201.0415056
architecture,0.8552423,55.941661,-3.2147858,201.0415056
structure,0.78145605,55.941661,-3.2147858,201.0415056
real estate,0.76840115,55.941661,-3.2147858,201.0415056
commercial building,0.75339913,55.941661,-3.2147858,201.0415056
urban design,0.7355467,55.941661,-3.2147858,201.0415056
facade,0.70825475,55.941661,-3.2147858,201.0415056
residential area,0.7030649,55.941661,-3.2147858,201.0415056
corporate headquarters,0.6597237,55.941661,-3.2147858,201.0415056
building,0.6247828,55.941661,-3.2147858,201.0415056
house,0.60002583,55.941661,-3.2147858,201.0415056
angle,0.5911937,55.941661,-3.2147858,201.0415056
elevation,0.5840433,55.941661,-3.2147858,201.0415056
land lot,0.51801866,55.941661,-3.2147858,201.0415056
grass,0.5168924,55.941661,-3.2147858,201.0415056
motor vehicle,0.95171785,55.942124,-3.200213,152.538402
car,0.9414036,55.942124,-3.200213,152.538402
road,0.9407517,55.942124,-3.200213,152.538402
asphalt,0.89863664,55.942124,-3.200213,152.538402
transport,0.89550424,55.942124,-3.200213,152.538402
mode of transport,0.8751099,55.942124,-3.200213,152.538402
vehicle,0.86172825,55.942124,-3.200213,152.538402
infrastructure,0.85989404,55.942124,-3.200213,152.538402
tree,0.800329,55.942124,-3.200213,152.538402
lane,0.76055664,55.942124,-3.200213,152.538402
automotive exterior,0.71099734,55.942124,-3.200213,152.538402
sky,0.7033094,55.942124,-3.200213,152.538402
family car,0.6255745,55.942124,-3.200213,152.538402
angle,0.54694337,55.942124,-3.200213,152.538402
windshield,0.5404819,55.942124,-3.200213,152.538402
property,0.8948118,55.942262,-3.2134235,12.41482843
structure,0.83463573,55.942262,-3.2134235,12.41482843
advertising,0.6939328,55.942262,-3.2134235,12.41482843
land lot,0.5632227,55.942262,-3.2134235,12.41482843
brand,0.51877385,55.942262,-3.2134235,12.41482843
product,0.5087224,55.942262,-3.2134235,12.41482843
property,0.9313279,55.942309,-3.2128463,198.4477074
architecture,0.83027244,55.942309,-3.2128463,198.4477074
structure,0.80495554,55.942309,-3.2128463,198.4477074
facade,0.7627303,55.942309,-3.2128463,198.4477074
building,0.7276946,55.942309,-3.2128463,198.4477074
real estate,0.632808,55.942309,-3.2128463,198.4477074
commercial building,0.5579627,55.942309,-3.2128463,198.4477074
elevation,0.5440994,55.942309,-3.2128463,198.4477074
angle,0.5412877,55.942309,-3.2128463,198.4477074
window,0.5049405,55.942309,-3.2128463,198.4477074
grassland,0.9292785,55.942428,-3.1940717,182.8294727
ecosystem,0.92564875,55.942428,-3.1940717,182.8294727
grass,0.9080602,55.942428,-3.1940717,182.8294727
land lot,0.9042454,55.942428,-3.1940717,182.8294727
lawn,0.88290447,55.942428,-3.1940717,182.8294727
pasture,0.8600805,55.942428,-3.1940717,182.8294727
meadow,0.8500699,55.942428,-3.1940717,182.8294727
sky,0.84268576,55.942428,-3.1940717,182.8294727
tree,0.7643879,55.942428,-3.1940717,182.8294727
field,0.7259744,55.942428,-3.1940717,182.8294727
area,0.6720096,55.942428,-3.1940717,182.8294727
landscape,0.66516876,55.942428,-3.1940717,182.8294727
plain,0.60625297,55.942428,-3.1940717,182.8294727
park,0.6039355,55.942428,-3.1940717,182.8294727
recreation,0.60194546,55.942428,-3.1940717,182.8294727
panorama,0.59975094,55.942428,-3.1940717,182.8294727
grass family,0.5656606,55.942428,-3.1940717,182.8294727
plantation,0.55684996,55.942428,-3.1940717,182.8294727
road,0.94928426,55.942556,-3.2116402,191.5559994
property,0.9263675,55.942556,-3.2116402,191.5559994
infrastructure,0.87903535,55.942556,-3.2116402,191.5559994
wall,0.79303783,55.942556,-3.2116402,191.5559994
land lot,0.77768785,55.942556,-3.2116402,191.5559994
residential area,0.7746666,55.942556,-3.2116402,191.5559994
lane,0.7457238,55.942556,-3.2116402,191.5559994
asphalt,0.71101826,55.942556,-3.2116402,191.5559994
sky,0.68793136,55.942556,-3.2116402,191.5559994
area,0.6720096,55.942556,-3.2116402,191.5559994
fence,0.6274061,55.942556,-3.2116402,191.5559994
tree,0.5879047,55.942556,-3.2116402,191.5559994
road surface,0.5649318,55.942556,-3.2116402,191.5559994
landscape,0.56034464,55.942556,-3.2116402,191.5559994
angle,0.55541945,55.942556,-3.2116402,191.5559994
guard rail,0.52737606,55.942556,-3.2116402,191.5559994
road,0.9231952,55.943066,-3.2020227,152.4775916
property,0.92182565,55.943066,-3.2020227,152.4775916
town,0.9187672,55.943066,-3.2020227,152.4775916
transport,0.8984152,55.943066,-3.2020227,152.4775916
lane,0.8749062,55.943066,-3.2020227,152.4775916
infrastructure,0.85784423,55.943066,-3.2020227,152.4775916
street,0.84537613,55.943066,-3.2020227,152.4775916
sky,0.82037026,55.943066,-3.2020227,152.4775916
car,0.79680836,55.943066,-3.2020227,152.4775916
asphalt,0.76842016,55.943066,-3.2020227,152.4775916
neighbourhood,0.7122506,55.943066,-3.2020227,152.4775916
building,0.66209525,55.943066,-3.2020227,152.4775916
family car,0.66185474,55.943066,-3.2020227,152.4775916
facade,0.62402517,55.943066,-3.2020227,152.4775916
vehicle,0.58788216,55.943066,-3.2020227,152.4775916
downtown,0.580197,55.943066,-3.2020227,152.4775916
house,0.5655348,55.943066,-3.2020227,152.4775916
angle,0.5586433,55.943066,-3.2020227,152.4775916
transport,0.9669642,55.943109,-3.2096308,195.3642436
vehicle,0.9395106,55.943109,-3.2096308,195.3642436
mode of transport,0.8751629,55.943109,-3.2096308,195.3642436
motor vehicle,0.7464205,55.943109,-3.2096308,195.3642436
advertising,0.6964253,55.943109,-3.2096308,195.3642436
trailer,0.6464685,55.943109,-3.2096308,195.3642436
brand,0.63433594,55.943109,-3.2096308,195.3642436
plant community,0.6248275,55.943109,-3.2096308,195.3642436
freight transport,0.6041439,55.943109,-3.2096308,195.3642436
automotive exterior,0.59765613,55.943109,-3.2096308,195.3642436
commercial vehicle,0.5663219,55.943109,-3.2096308,195.3642436
signage,0.5394042,55.943109,-3.2096308,195.3642436
product,0.50651014,55.943109,-3.2096308,195.3642436
property,0.9196334,55.943188,-3.2092236,18.6668779
infrastructure,0.8634195,55.943188,-3.2092236,18.6668779
structure,0.78904104,55.943188,-3.2092236,18.6668779
urban design,0.78116983,55.943188,-3.2092236,18.6668779
building,0.7025606,55.943188,-3.2092236,18.6668779
asphalt,0.68769366,55.943188,-3.2092236,18.6668779
area,0.6720096,55.943188,-3.2092236,18.6668779
real estate,0.6435321,55.943188,-3.2092236,18.6668779
road,0.6038318,55.943188,-3.2092236,18.6668779
roof,0.5918597,55.943188,-3.2092236,18.6668779
facade,0.5825914,55.943188,-3.2092236,18.6668779
angle,0.56431764,55.943188,-3.2092236,18.6668779
sky,0.55061513,55.943188,-3.2092236,18.6668779
condominium,0.53324056,55.943188,-3.2092236,18.6668779
suburb,0.5254549,55.943188,-3.2092236,18.6668779
city,0.5121366,55.943188,-3.2092236,18.6668779
property,0.9151228,55.943424,-3.2084225,194.5896231
town,0.84332794,55.943424,-3.2084225,194.5896231
urban design,0.76722,55.943424,-3.2084225,194.5896231
commercial building,0.74062544,55.943424,-3.2084225,194.5896231
building,0.73056287,55.943424,-3.2084225,194.5896231
mixed use,0.6787091,55.943424,-3.2084225,194.5896231
real estate,0.64799505,55.943424,-3.2084225,194.5896231
facade,0.6374296,55.943424,-3.2084225,194.5896231
condominium,0.5862567,55.943424,-3.2084225,194.5896231
angle,0.5484742,55.943424,-3.2084225,194.5896231
window,0.54272914,55.943424,-3.2084225,194.5896231
road,0.5410183,55.943424,-3.2084225,194.5896231
street,0.503305,55.943424,-3.2084225,194.5896231
road,0.9628961,55.943589,-3.2080385,32.23780412
lane,0.95086396,55.943589,-3.2080385,32.23780412
town,0.9467343,55.943589,-3.2080385,32.23780412
property,0.93413216,55.943589,-3.2080385,32.23780412
car,0.9184528,55.943589,-3.2080385,32.23780412
street,0.8919917,55.943589,-3.2080385,32.23780412
infrastructure,0.88317126,55.943589,-3.2080385,32.23780412
transport,0.8724332,55.943589,-3.2080385,32.23780412
neighbourhood,0.86675304,55.943589,-3.2080385,32.23780412
family car,0.77828926,55.943589,-3.2080385,32.23780412
asphalt,0.7598763,55.943589,-3.2080385,32.23780412
residential area,0.74720764,55.943589,-3.2080385,32.23780412
vehicle,0.716821,55.943589,-3.2080385,32.23780412
downtown,0.71181315,55.943589,-3.2080385,32.23780412
sky,0.6410486,55.943589,-3.2080385,32.23780412
sedan,0.6296142,55.943589,-3.2080385,32.23780412
suburb,0.6227711,55.943589,-3.2080385,32.23780412
building,0.6134334,55.943589,-3.2080385,32.23780412
property,0.94073206,55.943624,-3.2047371,175.9480671
town,0.88166314,55.943624,-3.2047371,175.9480671
residential area,0.85106164,55.943624,-3.2047371,175.9480671
road,0.7191115,55.943624,-3.2047371,175.9480671
house,0.7182942,55.943624,-3.2047371,175.9480671
neighbourhood,0.71512496,55.943624,-3.2047371,175.9480671
building,0.6886925,55.943624,-3.2047371,175.9480671
suburb,0.66989815,55.943624,-3.2047371,175.9480671
facade,0.66012985,55.943624,-3.2047371,175.9480671
sky,0.6358538,55.943624,-3.2047371,175.9480671
home,0.6201622,55.943624,-3.2047371,175.9480671
land lot,0.59416246,55.943624,-3.2047371,175.9480671
real estate,0.5933574,55.943624,-3.2047371,175.9480671
roof,0.5799283,55.943624,-3.2047371,175.9480671
street,0.5533381,55.943624,-3.2047371,175.9480671
car,0.9577355,55.943648,-3.2031379,180.8588122
motor vehicle,0.948823,55.943648,-3.2031379,180.8588122
transport,0.9411303,55.943648,-3.2031379,180.8588122
property,0.9195433,55.943648,-3.2031379,180.8588122
family car,0.90201,55.943648,-3.2031379,180.8588122
mode of transport,0.87518835,55.943648,-3.2031379,180.8588122
vehicle,0.86227727,55.943648,-3.2031379,180.8588122
town,0.8390178,55.943648,-3.2031379,180.8588122
automotive exterior,0.7255862,55.943648,-3.2031379,180.8588122
road,0.7173344,55.943648,-3.2031379,180.8588122
luxury vehicle,0.71528137,55.943648,-3.2031379,180.8588122
sky,0.6708128,55.943648,-3.2031379,180.8588122
mid size car,0.58916783,55.943648,-3.2031379,180.8588122
sedan,0.5843355,55.943648,-3.2031379,180.8588122
lane,0.5703139,55.943648,-3.2031379,180.8588122
facade,0.56599766,55.943648,-3.2031379,180.8588122
compact car,0.5511071,55.943648,-3.2031379,180.8588122
angle,0.54656833,55.943648,-3.2031379,180.8588122
property,0.92031956,55.943715,-3.2060197,186.8946598
road,0.8983624,55.943715,-3.2060197,186.8946598
infrastructure,0.86035454,55.943715,-3.2060197,186.8946598
transport,0.8579792,55.943715,-3.2060197,186.8946598
urban design,0.8441902,55.943715,-3.2060197,186.8946598
architecture,0.8239869,55.943715,-3.2060197,186.8946598
residential area,0.7583745,55.943715,-3.2060197,186.8946598
neighbourhood,0.7089578,55.943715,-3.2060197,186.8946598
asphalt,0.7062151,55.943715,-3.2060197,186.8946598
area,0.6720096,55.943715,-3.2060197,186.8946598
real estate,0.66633475,55.943715,-3.2060197,186.8946598
facade,0.6538922,55.943715,-3.2060197,186.8946598
vehicle,0.6287247,55.943715,-3.2060197,186.8946598
building,0.59530926,55.943715,-3.2060197,186.8946598
house,0.5684827,55.943715,-3.2060197,186.8946598
angle,0.55931705,55.943715,-3.2060197,186.8946598
lane,0.54377687,55.943715,-3.2060197,186.8946598
street,0.5367735,55.943715,-3.2060197,186.8946598
car,0.9435918,55.943781,-3.1914897,207.6184846
road,0.9354045,55.943781,-3.1914897,207.6184846
motor vehicle,0.9190482,55.943781,-3.1914897,207.6184846
tree,0.91793185,55.943781,-3.1914897,207.6184846
vehicle,0.9086845,55.943781,-3.1914897,207.6184846
mode of transport,0.8749043,55.943781,-3.1914897,207.6184846
transport,0.8705884,55.943781,-3.1914897,207.6184846
lane,0.84389126,55.943781,-3.1914897,207.6184846
asphalt,0.8291935,55.943781,-3.1914897,207.6184846
plant,0.76339394,55.943781,-3.1914897,207.6184846
parking,0.7343623,55.943781,-3.1914897,207.6184846
family car,0.6771236,55.943781,-3.1914897,207.6184846
automotive exterior,0.6547576,55.943781,-3.1914897,207.6184846
street,0.5356596,55.943781,-3.1914897,207.6184846
transport,0.96951103,55.944504,-3.2065899,100.3292008
motor vehicle,0.8942105,55.944504,-3.2065899,100.3292008
luxury vehicle,0.8856096,55.944504,-3.2065899,100.3292008
mode of transport,0.87525636,55.944504,-3.2065899,100.3292008
vehicle,0.8446048,55.944504,-3.2065899,100.3292008
family car,0.7859375,55.944504,-3.2065899,100.3292008
bus,0.7725843,55.944504,-3.2065899,100.3292008
public transport,0.6981348,55.944504,-3.2065899,100.3292008
automotive exterior,0.65793604,55.944504,-3.2065899,100.3292008
metropolitan area,0.62774915,55.944504,-3.2065899,100.3292008
compact car,0.5868812,55.944504,-3.2065899,100.3292008
lane,0.53100693,55.944504,-3.2065899,100.3292008
road,0.5233257,55.944504,-3.2065899,100.3292008
property,0.93758243,55.944827,-3.1999785,6.812817631
building,0.7866008,55.944827,-3.1999785,6.812817631
facade,0.71126103,55.944827,-3.1999785,6.812817631
residential area,0.68571335,55.944827,-3.1999785,6.812817631
house,0.66671246,55.944827,-3.1999785,6.812817631
real estate,0.65613496,55.944827,-3.1999785,6.812817631
angle,0.54773617,55.944827,-3.1999785,6.812817631
window,0.5383233,55.944827,-3.1999785,6.812817631
apartment,0.5129675,55.944827,-3.1999785,6.812817631
street,0.51198304,55.944827,-3.1999785,6.812817631
elevation,0.50887024,55.944827,-3.1999785,6.812817631
parking,0.5043502,55.944827,-3.1999785,6.812817631
property,0.8804958,55.944858,-3.2000838,343.6183799
sky,0.7107513,55.944858,-3.2000838,343.6183799
angle,0.6020703,55.944858,-3.2000838,343.6183799
glass,0.5605772,55.944858,-3.2000838,343.6183799
property,0.9360442,55.944878,-3.2002756,354.0536672
building,0.76230735,55.944878,-3.2002756,354.0536672
facade,0.7246891,55.944878,-3.2002756,354.0536672
real estate,0.60395443,55.944878,-3.2002756,354.0536672
window,0.60093355,55.944878,-3.2002756,354.0536672
property,0.93241376,55.944914,-3.1992514,2.82624128
architecture,0.80250806,55.944914,-3.1992514,2.82624128
facade,0.74082017,55.944914,-3.1992514,2.82624128
building,0.65211326,55.944914,-3.1992514,2.82624128
angle,0.5647185,55.944914,-3.1992514,2.82624128
roof,0.52927655,55.944914,-3.1992514,2.82624128
elevation,0.5228786,55.944914,-3.1992514,2.82624128
property,0.9441664,55.945142,-3.200719,329.2697108
road,0.9104071,55.945142,-3.200719,329.2697108
town,0.9079969,55.945142,-3.200719,329.2697108
car,0.905047,55.945142,-3.200719,329.2697108
lane,0.8954277,55.945142,-3.200719,329.2697108
neighbourhood,0.8892708,55.945142,-3.200719,329.2697108
street,0.88140684,55.945142,-3.200719,329.2697108
infrastructure,0.8596148,55.945142,-3.200719,329.2697108
family car,0.83167297,55.945142,-3.200719,329.2697108
building,0.79626304,55.945142,-3.200719,329.2697108
residential area,0.7840187,55.945142,-3.200719,329.2697108
asphalt,0.74618113,55.945142,-3.200719,329.2697108
house,0.7412029,55.945142,-3.200719,329.2697108
facade,0.66662663,55.945142,-3.200719,329.2697108
vehicle,0.60983664,55.945142,-3.200719,329.2697108
alley,0.5795479,55.945142,-3.200719,329.2697108
window,0.57248896,55.945142,-3.200719,329.2697108
suburb,0.561442,55.945142,-3.200719,329.2697108
tree,0.88294894,55.945148,-3.1945188,19.02258934
sky,0.7999204,55.945148,-3.1945188,19.02258934
road,0.79822206,55.945148,-3.1945188,19.02258934
structure,0.7874866,55.945148,-3.1945188,19.02258934
land lot,0.69885963,55.945148,-3.1945188,19.02258934
plant,0.68984026,55.945148,-3.1945188,19.02258934
area,0.6720096,55.945148,-3.1945188,19.02258934
grass,0.60298187,55.945148,-3.1945188,19.02258934
landscape,0.59343106,55.945148,-3.1945188,19.02258934
angle,0.56660956,55.945148,-3.1945188,19.02258934
road,0.9708127,55.945281,-3.1905971,239.2054054
lane,0.95510226,55.945281,-3.1905971,239.2054054
car,0.9468018,55.945281,-3.1905971,239.2054054
street,0.9071013,55.945281,-3.1905971,239.2054054
property,0.9010642,55.945281,-3.1905971,239.2054054
town,0.8903353,55.945281,-3.1905971,239.2054054
infrastructure,0.8868265,55.945281,-3.1905971,239.2054054
transport,0.8841996,55.945281,-3.1905971,239.2054054
neighbourhood,0.81623954,55.945281,-3.1905971,239.2054054
asphalt,0.7677164,55.945281,-3.1905971,239.2054054
family car,0.75928074,55.945281,-3.1905971,239.2054054
vehicle,0.7244338,55.945281,-3.1905971,239.2054054
sky,0.6998539,55.945281,-3.1905971,239.2054054
thoroughfare,0.68058246,55.945281,-3.1905971,239.2054054
sedan,0.63764656,55.945281,-3.1905971,239.2054054
urban design,0.56370974,55.945281,-3.1905971,239.2054054
luxury vehicle,0.55360085,55.945281,-3.1905971,239.2054054
downtown,0.5435117,55.945281,-3.1905971,239.2054054
transport,0.85240686,55.945615,-3.18973,201.0364839
road,0.72508913,55.945615,-3.18973,201.0364839
lane,0.6478441,55.945615,-3.18973,201.0364839
advertising,0.6096573,55.945615,-3.18973,201.0364839
street,0.60295475,55.945615,-3.18973,201.0364839
facade,0.5624911,55.945615,-3.18973,201.0364839
plaza,0.50068516,55.945615,-3.18973,201.0364839
property,0.9152691,55.945691,-3.2068059,4.066842972
building,0.6283561,55.945691,-3.2068059,4.066842972
facade,0.60465467,55.945691,-3.2068059,4.066842972
advertising,0.60035187,55.945691,-3.2068059,4.066842972
brand,0.58509773,55.945691,-3.2068059,4.066842972
outlet store,0.5597649,55.945691,-3.2068059,4.066842972
signage,0.53420633,55.945691,-3.2068059,4.066842972
motor vehicle,0.9729654,55.945749,-3.2059915,1.805425602
vehicle,0.9216551,55.945749,-3.2059915,1.805425602
car,0.91916025,55.945749,-3.2059915,1.805425602
transport,0.9166175,55.945749,-3.2059915,1.805425602
family car,0.9046557,55.945749,-3.2059915,1.805425602
property,0.89416635,55.945749,-3.2059915,1.805425602
mode of transport,0.8751339,55.945749,-3.2059915,1.805425602
luxury vehicle,0.8610993,55.945749,-3.2059915,1.805425602
automotive exterior,0.8602591,55.945749,-3.2059915,1.805425602
vehicle door,0.7106412,55.945749,-3.2059915,1.805425602
parking,0.6746873,55.945749,-3.2059915,1.805425602
mid size car,0.6407121,55.945749,-3.2059915,1.805425602
window,0.61602116,55.945749,-3.2059915,1.805425602
executive car,0.60275084,55.945749,-3.2059915,1.805425602
compact car,0.56965053,55.945749,-3.2059915,1.805425602
facade,0.56226146,55.945749,-3.2059915,1.805425602
minivan,0.55114716,55.945749,-3.2059915,1.805425602
building,0.5488938,55.945749,-3.2059915,1.805425602
property,0.89503014,55.945753,-3.2022557,338.3476434
transport,0.8637312,55.945753,-3.2022557,338.3476434
advertising,0.6565382,55.945753,-3.2022557,338.3476434
vehicle,0.55426097,55.945753,-3.2022557,338.3476434
road,0.5220595,55.945753,-3.2022557,338.3476434
street,0.51447165,55.945753,-3.2022557,338.3476434
property,0.9031543,55.945808,-3.1893672,207.9749269
landmark,0.88811016,55.945808,-3.1893672,207.9749269
town,0.8732815,55.945808,-3.1893672,207.9749269
transport,0.86076194,55.945808,-3.1893672,207.9749269
road,0.70767134,55.945808,-3.1893672,207.9749269
street,0.67815244,55.945808,-3.1893672,207.9749269
facade,0.6705784,55.945808,-3.1893672,207.9749269
sky,0.6679998,55.945808,-3.1893672,207.9749269
building,0.66302806,55.945808,-3.1893672,207.9749269
plaza,0.6477629,55.945808,-3.1893672,207.9749269
city,0.598625,55.945808,-3.1893672,207.9749269
tours,0.5971895,55.945808,-3.1893672,207.9749269
tourism,0.5848864,55.945808,-3.1893672,207.9749269
property,0.9051403,55.945815,-3.2039011,357.8453134
real estate,0.6147374,55.945815,-3.2039011,357.8453134
advertising,0.6020844,55.945815,-3.2039011,357.8453134
brand,0.57674444,55.945815,-3.2039011,357.8453134
facade,0.5671836,55.945815,-3.2039011,357.8453134
signage,0.5229621,55.945815,-3.2039011,357.8453134
transport,0.952056,55.94611,-3.1886945,204.1438838
road,0.935766,55.94611,-3.1886945,204.1438838
lane,0.8956835,55.94611,-3.1886945,204.1438838
car,0.88416606,55.94611,-3.1886945,204.1438838
infrastructure,0.8806261,55.94611,-3.1886945,204.1438838
mode of transport,0.8748524,55.94611,-3.1886945,204.1438838
town,0.8473707,55.94611,-3.1886945,204.1438838
sky,0.83482367,55.94611,-3.1886945,204.1438838
asphalt,0.7383606,55.94611,-3.1886945,204.1438838
vehicle,0.7206767,55.94611,-3.1886945,204.1438838
street,0.7134707,55.94611,-3.1886945,204.1438838
advertising,0.581717,55.94611,-3.1886945,204.1438838
city,0.51897734,55.94611,-3.1886945,204.1438838
property,0.93789655,55.946398,-3.1908988,53.75712793
road,0.90025944,55.946398,-3.1908988,53.75712793
town,0.8961222,55.946398,-3.1908988,53.75712793
infrastructure,0.86776423,55.946398,-3.1908988,53.75712793
lane,0.79255664,55.946398,-3.1908988,53.75712793
wall,0.77927405,55.946398,-3.1908988,53.75712793
building,0.7211761,55.946398,-3.1908988,53.75712793
asphalt,0.7000993,55.946398,-3.1908988,53.75712793
facade,0.6907444,55.946398,-3.1908988,53.75712793
street,0.6414768,55.946398,-3.1908988,53.75712793
sky,0.59807265,55.946398,-3.1908988,53.75712793
angle,0.5680278,55.946398,-3.1908988,53.75712793
road,0.9791174,55.946622,-3.1882812,231.0452203
lane,0.9561429,55.946622,-3.1882812,231.0452203
town,0.92196035,55.946622,-3.1882812,231.0452203
property,0.9106394,55.946622,-3.1882812,231.0452203
infrastructure,0.8944137,55.946622,-3.1882812,231.0452203
transport,0.87334454,55.946622,-3.1882812,231.0452203
residential area,0.8720512,55.946622,-3.1882812,231.0452203
asphalt,0.8647184,55.946622,-3.1882812,231.0452203
street,0.85118866,55.946622,-3.1882812,231.0452203
sky,0.81042904,55.946622,-3.1882812,231.0452203
neighbourhood,0.78195506,55.946622,-3.1882812,231.0452203
suburb,0.71314657,55.946622,-3.1882812,231.0452203
road surface,0.7120567,55.946622,-3.1882812,231.0452203
line,0.6533257,55.946622,-3.1882812,231.0452203
urban design,0.630736,55.946622,-3.1882812,231.0452203
house,0.62168616,55.946622,-3.1882812,231.0452203
building,0.5741135,55.946622,-3.1882812,231.0452203
facade,0.5735976,55.946622,-3.1882812,231.0452203
product,0.63746494,55.946771,-3.1906258,30.31266365
angle,0.58422285,55.946771,-3.1906258,30.31266365
glass,0.55565816,55.946771,-3.1906258,30.31266365
multimedia,0.5493157,55.946771,-3.1906258,30.31266365
property,0.9360679,55.94693,-3.1875099,201.7377395
infrastructure,0.86432713,55.94693,-3.1875099,201.7377395
building,0.71999407,55.94693,-3.1875099,201.7377395
facade,0.7074256,55.94693,-3.1875099,201.7377395
real estate,0.674779,55.94693,-3.1875099,201.7377395
urban design,0.64148086,55.94693,-3.1875099,201.7377395
road,0.6247434,55.94693,-3.1875099,201.7377395
asphalt,0.57678896,55.94693,-3.1875099,201.7377395
parking,0.5312096,55.94693,-3.1875099,201.7377395
commercial building,0.51667553,55.94693,-3.1875099,201.7377395
window,0.50638765,55.94693,-3.1875099,201.7377395
property,0.91602755,55.947094,-3.186726,191.7988375
town,0.8607575,55.947094,-3.186726,191.7988375
transport,0.81873786,55.947094,-3.186726,191.7988375
facade,0.63590235,55.947094,-3.186726,191.7988375
building,0.5266825,55.947094,-3.186726,191.7988375
street,0.5037125,55.947094,-3.186726,191.7988375
town,0.9255059,55.947216,-3.1861511,191.9632572
transport,0.9013975,55.947216,-3.1861511,191.9632572
street,0.7765262,55.947216,-3.1861511,191.9632572
road,0.69000584,55.947216,-3.1861511,191.9632572
lane,0.6359905,55.947216,-3.1861511,191.9632572
vehicle,0.5951001,55.947216,-3.1861511,191.9632572
downtown,0.5434981,55.947216,-3.1861511,191.9632572
city,0.5428627,55.947216,-3.1861511,191.9632572
facade,0.5401566,55.947216,-3.1861511,191.9632572
tourism,0.5365377,55.947216,-3.1861511,191.9632572
advertising,0.5357203,55.947216,-3.1861511,191.9632572
pedestrian,0.5054614,55.947216,-3.1861511,191.9632572
architecture,0.7966027,55.947324,-3.1896814,13.86487353
institution,0.71373606,55.947324,-3.1896814,13.86487353
angle,0.56303334,55.947324,-3.1896814,13.86487353
furniture,0.55831516,55.947324,-3.1896814,13.86487353
building,0.52332336,55.947324,-3.1896814,13.86487353
property,0.8940449,55.947876,-3.1863285,285.0670353
town,0.8879503,55.947876,-3.1863285,285.0670353
road,0.86718833,55.947876,-3.1863285,285.0670353
transport,0.84365267,55.947876,-3.1863285,285.0670353
street,0.82848465,55.947876,-3.1863285,285.0670353
building,0.6273709,55.947876,-3.1863285,285.0670353
city,0.5946414,55.947876,-3.1863285,285.0670353
vehicle,0.57782656,55.947876,-3.1863285,285.0670353
facade,0.57529324,55.947876,-3.1863285,285.0670353
lane,0.5490314,55.947876,-3.1863285,285.0670353
asphalt,0.527525,55.947876,-3.1863285,285.0670353
motor vehicle,0.9710279,55.947917,-3.1872826,6.67094927
car,0.9517604,55.947917,-3.1872826,6.67094927
property,0.9045991,55.947917,-3.1872826,6.67094927
transport,0.8714576,55.947917,-3.1872826,6.67094927
vehicle,0.86272264,55.947917,-3.1872826,6.67094927
family car,0.8611183,55.947917,-3.1872826,6.67094927
luxury vehicle,0.8361659,55.947917,-3.1872826,6.67094927
automotive exterior,0.7673334,55.947917,-3.1872826,6.67094927
mid size car,0.7071164,55.947917,-3.1872826,6.67094927
building,0.6181056,55.947917,-3.1872826,6.67094927
parking,0.60762554,55.947917,-3.1872826,6.67094927
compact car,0.59124243,55.947917,-3.1872826,6.67094927
subcompact car,0.58514583,55.947917,-3.1872826,6.67094927
sedan,0.5569323,55.947917,-3.1872826,6.67094927
executive car,0.51915455,55.947917,-3.1872826,6.67094927
transport,0.951118,55.948012,-3.1864716,9.399619556
lane,0.92599607,55.948012,-3.1864716,9.399619556
town,0.9045956,55.948012,-3.1864716,9.399619556
property,0.8781892,55.948012,-3.1864716,9.399619556
mode of transport,0.87513185,55.948012,-3.1864716,9.399619556
road,0.87491727,55.948012,-3.1864716,9.399619556
street,0.831357,55.948012,-3.1864716,9.399619556
advertising,0.79886854,55.948012,-3.1864716,9.399619556
vehicle,0.699773,55.948012,-3.1864716,9.399619556
neighbourhood,0.6950795,55.948012,-3.1864716,9.399619556
car,0.68301886,55.948012,-3.1864716,9.399619556
downtown,0.65269893,55.948012,-3.1864716,9.399619556
asphalt,0.5989955,55.948012,-3.1864716,9.399619556
urban design,0.5239644,55.948012,-3.1864716,9.399619556
city,0.51212895,55.948012,-3.1864716,9.399619556
property,0.93226945,55.948354,-3.1847936,197.272524
town,0.9087013,55.948354,-3.1847936,197.272524
car,0.8556875,55.948354,-3.1847936,197.272524
transport,0.8491261,55.948354,-3.1847936,197.272524
building,0.80212414,55.948354,-3.1847936,197.272524
lane,0.7943723,55.948354,-3.1847936,197.272524
street,0.77595586,55.948354,-3.1847936,197.272524
neighbourhood,0.7689513,55.948354,-3.1847936,197.272524
road,0.75925183,55.948354,-3.1847936,197.272524
family car,0.68698037,55.948354,-3.1847936,197.272524
facade,0.67719567,55.948354,-3.1847936,197.272524
vehicle,0.6739135,55.948354,-3.1847936,197.272524
downtown,0.60706234,55.948354,-3.1847936,197.272524
real estate,0.5999784,55.948354,-3.1847936,197.272524
sedan,0.5769223,55.948354,-3.1847936,197.272524
mid size car,0.5414736,55.948354,-3.1847936,197.272524
luxury vehicle,0.5404345,55.948354,-3.1847936,197.272524
city,0.5021392,55.948354,-3.1847936,197.272524
property,0.9478053,55.948384,-3.1842279,183.0316211
town,0.86986816,55.948384,-3.1842279,183.0316211
road,0.6100133,55.948384,-3.1842279,183.0316211
facade,0.60891396,55.948384,-3.1842279,183.0316211
building,0.60801786,55.948384,-3.1842279,183.0316211
street,0.6045529,55.948384,-3.1842279,183.0316211
angle,0.5593626,55.948384,-3.1842279,183.0316211
house,0.53955567,55.948384,-3.1842279,183.0316211
window,0.5252994,55.948384,-3.1842279,183.0316211
property,0.9423346,55.948384,-3.1842279,9.399619556
town,0.8174569,55.948384,-3.1842279,9.399619556
house,0.73448735,55.948384,-3.1842279,9.399619556
building,0.72835606,55.948384,-3.1842279,9.399619556
facade,0.71450466,55.948384,-3.1842279,9.399619556
real estate,0.5951615,55.948384,-3.1842279,9.399619556
angle,0.55159396,55.948384,-3.1842279,9.399619556
window,0.5505154,55.948384,-3.1842279,9.399619556
cottage,0.55001783,55.948384,-3.1842279,9.399619556
land lot,0.526002,55.948384,-3.1842279,9.399619556
estate,0.5194525,55.948384,-3.1842279,9.399619556
