[ {
  "date" : "20180618",
  "summary" : [ {
    "activity" : "walking",
    "group" : "walking",
    "duration" : 1360.0,
    "distance" : 1254.0,
    "steps" : 2035
  }, {
    "activity" : "cycling",
    "group" : "cycling",
    "duration" : 711.0,
    "distance" : 3611.0
  } ],
  "segments" : [ {
    "type" : "move",
    "startTime" : "20180618T164704+0100",
    "endTime" : "20180618T165129+0100",
    "activities" : [ {
      "activity" : "walking",
      "group" : "walking",
      "manual" : false,
      "startTime" : "20180618T164704+0100",
      "endTime" : "20180618T165128+0100",
      "duration" : 264.0,
      "distance" : 215.0,
      "steps" : 408
    } ],
    "lastUpdate" : "20180618T161322Z"
  }, {
    "type" : "place",
    "startTime" : "20180618T165129+0100",
    "endTime" : "20180618T173015+0100",
    "activities" : [ {
      "activity" : "walking",
      "group" : "walking",
      "manual" : false,
      "startTime" : "20180618T165129+0100",
      "endTime" : "20180618T165148+0100",
      "duration" : 19.0,
      "distance" : 15.0,
      "steps" : 30
    } ],
    "lastUpdate" : "20180618T174450Z"
  }, {
    "type" : "move",
    "startTime" : "20180618T173015+0100",
    "endTime" : "20180618T173426+0100",
    "activities" : [ {
      "activity" : "walking",
      "group" : "walking",
      "manual" : false,
      "startTime" : "20180618T173015+0100",
      "endTime" : "20180618T173425+0100",
      "duration" : 250.0,
      "distance" : 233.0,
      "steps" : 467
    } ],
    "lastUpdate" : "20180618T174450Z"
  }, {
    "type" : "place",
    "startTime" : "20180618T173426+0100",
    "endTime" : "20180618T193846+0100",
    "activities" : [ {
      "activity" : "walking",
      "group" : "walking",
      "manual" : false,
      "startTime" : "20180618T173426+0100",
      "endTime" : "20180618T173520+0100",
      "duration" : 54.0,
      "distance" : 41.0,
      "steps" : 82
    }, {
      "activity" : "walking",
      "group" : "walking",
      "manual" : false,
      "startTime" : "20180618T185851+0100",
      "endTime" : "20180618T185925+0100",
      "duration" : 34.0,
      "distance" : 22.0,
      "steps" : 44
    }, {
      "activity" : "walking",
      "group" : "walking",
      "manual" : false,
      "startTime" : "20180618T190117+0100",
      "endTime" : "20180618T190323+0100",
      "duration" : 126.0,
      "distance" : 140.0,
      "steps" : 187
    } ],
    "lastUpdate" : "20180618T190316Z"
  }, {
    "type" : "move",
    "startTime" : "20180618T193846+0100",
    "endTime" : "20180618T195037+0100",
    "activities" : [ {
      "activity" : "cycling",
      "group" : "cycling",
      "manual" : false,
      "startTime" : "20180618T193846+0100",
      "endTime" : "20180618T195037+0100",
      "duration" : 711.0,
      "distance" : 3611.0
    } ],
    "lastUpdate" : "20180618T190316Z"
  }, {
    "type" : "place",
    "startTime" : "20180618T195037+0100",
    "endTime" : "20180619T095615+0100",
    "activities" : [ {
      "activity" : "walking",
      "group" : "walking",
      "manual" : false,
      "startTime" : "20180618T195037+0100",
      "endTime" : "20180618T195501+0100",
      "duration" : 264.0,
      "distance" : 297.0,
      "steps" : 396
    }, {
      "activity" : "walking",
      "group" : "walking",
      "manual" : false,
      "startTime" : "20180618T200403+0100",
      "endTime" : "20180618T200434+0100",
      "duration" : 31.0,
      "distance" : 23.0,
      "steps" : 47
    }, {
      "activity" : "walking",
      "group" : "walking",
      "manual" : false,
      "startTime" : "20180618T213121+0100",
      "endTime" : "20180618T213258+0100",
      "duration" : 97.0,
      "distance" : 52.0,
      "steps" : 104
    }, {
      "activity" : "walking",
      "group" : "walking",
      "manual" : false,
      "startTime" : "20180618T222041+0100",
      "endTime" : "20180618T222353+0100",
      "duration" : 192.0,
      "distance" : 202.0,
      "steps" : 270
    }, {
      "activity" : "walking",
      "group" : "walking",
      "manual" : false,
      "startTime" : "20180618T230549+0100",
      "endTime" : "20180618T230618+0100",
      "duration" : 29.0,
      "distance" : 14.0,
      "steps" : 0
    } ],
    "lastUpdate" : "20180619T100046Z"
  } ],
  "lastUpdate" : "20180619T100046Z"
} ]