[ {
  "date" : "20160901",
  "summary" : [ {
    "activity" : "walking",
    "group" : "walking",
    "duration" : 383.0,
    "distance" : 297.0,
    "steps" : 597
  }, {
    "activity" : "cycling",
    "group" : "cycling",
    "duration" : 2176.0,
    "distance" : 12122.0
  }, {
    "activity" : "transport",
    "group" : "transport",
    "duration" : 494.0,
    "distance" : 2950.0
  } ],
  "segments" : [ {
    "type" : "place",
    "startTime" : "20160831T210236+0100",
    "endTime" : "20160901T095943+0100",
    "activities" : [ {
      "activity" : "walking",
      "group" : "walking",
      "manual" : false,
      "startTime" : "20160901T090236+0100",
      "endTime" : "20160901T090349+0100",
      "duration" : 73.0,
      "distance" : 47.0,
      "steps" : 95
    } ],
    "lastUpdate" : "20160901T094641Z"
  }, {
    "type" : "move",
    "startTime" : "20160901T095943+0100",
    "endTime" : "20160901T101553+0100",
    "activities" : [ {
      "activity" : "cycling",
      "group" : "cycling",
      "manual" : false,
      "startTime" : "20160901T095943+0100",
      "endTime" : "20160901T101553+0100",
      "duration" : 970.0,
      "distance" : 5907.0
    } ],
    "lastUpdate" : "20160901T094641Z"
  }, {
    "type" : "place",
    "startTime" : "20160901T101553+0100",
    "endTime" : "20160901T190745+0100",
    "activities" : [ {
      "activity" : "walking",
      "group" : "walking",
      "manual" : false,
      "startTime" : "20160901T101845+0100",
      "endTime" : "20160901T101918+0100",
      "duration" : 33.0,
      "distance" : 25.0,
      "steps" : 50
    }, {
      "activity" : "walking",
      "group" : "walking",
      "manual" : false,
      "startTime" : "20160901T171925+0100",
      "endTime" : "20160901T172024+0100",
      "duration" : 59.0,
      "distance" : 51.0,
      "steps" : 102
    }, {
      "activity" : "walking",
      "group" : "walking",
      "manual" : false,
      "startTime" : "20160901T190617+0100",
      "endTime" : "20160901T190716+0100",
      "duration" : 59.0,
      "distance" : 56.0,
      "steps" : 112
    } ],
    "lastUpdate" : "20180618T133439Z"
  }, {
    "type" : "move",
    "startTime" : "20160901T190745+0100",
    "endTime" : "20160901T192752+0100",
    "activities" : [ {
      "activity" : "cycling",
      "group" : "cycling",
      "manual" : false,
      "startTime" : "20160901T190745+0100",
      "endTime" : "20160901T192751+0100",
      "duration" : 1206.0,
      "distance" : 6215.0
    } ],
    "lastUpdate" : "20160901T190811Z"
  }, {
    "type" : "place",
    "startTime" : "20160901T192752+0100",
    "endTime" : "20160901T205939+0100",
    "activities" : [ {
      "activity" : "walking",
      "group" : "walking",
      "manual" : false,
      "startTime" : "20160901T192919+0100",
      "endTime" : "20160901T192939+0100",
      "duration" : 20.0,
      "distance" : 15.0,
      "steps" : 30
    }, {
      "activity" : "walking",
      "group" : "walking",
      "manual" : false,
      "startTime" : "20160901T203313+0100",
      "endTime" : "20160901T203429+0100",
      "duration" : 76.0,
      "distance" : 56.0,
      "steps" : 113
    } ],
    "lastUpdate" : "20160901T212818Z"
  }, {
    "type" : "move",
    "startTime" : "20160901T205939+0100",
    "endTime" : "20160901T210459+0100",
    "activities" : [ {
      "activity" : "transport",
      "group" : "transport",
      "manual" : false,
      "startTime" : "20160901T205939+0100",
      "endTime" : "20160901T210459+0100",
      "duration" : 320.0,
      "distance" : 1649.0
    } ],
    "lastUpdate" : "20160901T212818Z"
  }, {
    "type" : "place",
    "startTime" : "20160901T210459+0100",
    "endTime" : "20160901T222419+0100",
    "activities" : [ {
      "activity" : "walking",
      "group" : "walking",
      "manual" : false,
      "startTime" : "20160901T210640+0100",
      "endTime" : "20160901T210659+0100",
      "duration" : 19.0,
      "distance" : 15.0,
      "steps" : 30
    } ],
    "lastUpdate" : "20160901T214426Z"
  }, {
    "type" : "move",
    "startTime" : "20160901T222419+0100",
    "endTime" : "20160901T222713+0100",
    "activities" : [ {
      "activity" : "transport",
      "group" : "transport",
      "manual" : false,
      "startTime" : "20160901T222419+0100",
      "endTime" : "20160901T222713+0100",
      "duration" : 174.0,
      "distance" : 1301.0
    } ],
    "lastUpdate" : "20160901T214426Z"
  }, {
    "type" : "place",
    "startTime" : "20160901T222714+0100",
    "endTime" : "20160902T031437+0100",
    "activities" : [ {
      "activity" : "walking",
      "group" : "walking",
      "manual" : false,
      "startTime" : "20160901T222932+0100",
      "endTime" : "20160901T222951+0100",
      "duration" : 19.0,
      "distance" : 15.0,
      "steps" : 30
    }, {
      "activity" : "walking",
      "group" : "walking",
      "manual" : false,
      "startTime" : "20160901T230101+0100",
      "endTime" : "20160901T230126+0100",
      "duration" : 25.0,
      "distance" : 17.0,
      "steps" : 35
    } ],
    "lastUpdate" : "20160902T021441Z"
  } ],
  "lastUpdate" : "20180618T133439Z"
} ]