[ {
  "date" : "20160902",
  "summary" : [ {
    "activity" : "walking",
    "group" : "walking",
    "duration" : 29.0,
    "distance" : 14.0,
    "steps" : 20
  } ],
  "segments" : [ {
    "type" : "place",
    "startTime" : "20160901T222714+0100",
    "endTime" : "20160902T031437+0100",
    "activities" : [ {
      "activity" : "walking",
      "group" : "walking",
      "manual" : false,
      "startTime" : "20160902T004143+0100",
      "endTime" : "20160902T004212+0100",
      "duration" : 29.0,
      "distance" : 14.0,
      "steps" : 20
    } ],
    "lastUpdate" : "20160902T021441Z"
  } ],
  "lastUpdate" : "20160902T021441Z"
} ]