[ {
  "date" : "20180620",
  "summary" : [ {
    "activity" : "walking",
    "group" : "walking",
    "duration" : 1233.0,
    "distance" : 975.0,
    "steps" : 1556
  } ],
  "segments" : [ {
    "type" : "place",
    "startTime" : "20180619T183813+0100",
    "endTime" : "20180620T103857+0100",
    "activities" : [ {
      "activity" : "walking",
      "group" : "walking",
      "manual" : false,
      "startTime" : "20180620T072640+0100",
      "endTime" : "20180620T072647+0100",
      "duration" : 7.0,
      "distance" : 5.0,
      "steps" : 10
    }, {
      "activity" : "walking",
      "group" : "walking",
      "manual" : false,
      "startTime" : "20180620T080830+0100",
      "endTime" : "20180620T080915+0100",
      "duration" : 45.0,
      "distance" : 22.0,
      "steps" : 36
    }, {
      "activity" : "walking",
      "group" : "walking",
      "manual" : false,
      "startTime" : "20180620T092653+0100",
      "endTime" : "20180620T092722+0100",
      "duration" : 29.0,
      "distance" : 14.0,
      "steps" : 0
    }, {
      "activity" : "walking",
      "group" : "walking",
      "manual" : false,
      "startTime" : "20180620T100624+0100",
      "endTime" : "20180620T101232+0100",
      "duration" : 368.0,
      "distance" : 413.0,
      "steps" : 551
    } ],
    "lastUpdate" : "20180620T104020Z"
  }, {
    "type" : "move",
    "startTime" : "20180620T103857+0100",
    "endTime" : "20180620T104554+0100",
    "activities" : [ {
      "activity" : "walking",
      "group" : "walking",
      "manual" : false,
      "startTime" : "20180620T103857+0100",
      "endTime" : "20180620T104554+0100",
      "duration" : 417.0,
      "distance" : 232.0,
      "steps" : 464
    } ],
    "lastUpdate" : "20180620T104020Z"
  }, {
    "type" : "place",
    "startTime" : "20180620T104554+0100",
    "endTime" : "20180620T104653+0100",
    "activities" : [ {
      "activity" : "walking",
      "group" : "walking",
      "manual" : false,
      "startTime" : "20180620T104554+0100",
      "endTime" : "20180620T104612+0100",
      "duration" : 18.0,
      "distance" : 14.0,
      "steps" : 28
    } ],
    "lastUpdate" : "20180620T104020Z"
  }, {
    "type" : "move",
    "startTime" : "20180620T104653+0100",
    "endTime" : "20180620T105106+0100",
    "activities" : [ {
      "activity" : "walking",
      "group" : "walking",
      "manual" : false,
      "startTime" : "20180620T104653+0100",
      "endTime" : "20180620T105105+0100",
      "duration" : 252.0,
      "distance" : 202.0,
      "steps" : 320
    } ],
    "lastUpdate" : "20180620T104020Z"
  }, {
    "type" : "place",
    "startTime" : "20180620T105106+0100",
    "endTime" : "20180620T131231+0100",
    "activities" : [ {
      "activity" : "walking",
      "group" : "walking",
      "manual" : false,
      "startTime" : "20180620T121900+0100",
      "endTime" : "20180620T122037+0100",
      "duration" : 97.0,
      "distance" : 73.0,
      "steps" : 147
    } ],
    "lastUpdate" : "20180620T121232Z"
  } ],
  "lastUpdate" : "20180620T121232Z"
} ]