[ {
  "date" : "20180619",
  "summary" : [ {
    "activity" : "walking",
    "group" : "walking",
    "duration" : 3519.0,
    "distance" : 3978.0,
    "steps" : 5468
  }, {
    "activity" : "cycling",
    "group" : "cycling",
    "duration" : 805.0,
    "distance" : 3880.0
  }, {
    "activity" : "transport",
    "group" : "transport",
    "duration" : 1668.0,
    "distance" : 6974.0
  } ],
  "segments" : [ {
    "type" : "place",
    "startTime" : "20180618T195037+0100",
    "endTime" : "20180619T095615+0100",
    "activities" : [ {
      "activity" : "walking",
      "group" : "walking",
      "manual" : false,
      "startTime" : "20180619T092948+0100",
      "endTime" : "20180619T093316+0100",
      "duration" : 208.0,
      "distance" : 235.0,
      "steps" : 313
    } ],
    "lastUpdate" : "20180619T100046Z"
  }, {
    "type" : "move",
    "startTime" : "20180619T095615+0100",
    "endTime" : "20180619T100940+0100",
    "activities" : [ {
      "activity" : "cycling",
      "group" : "cycling",
      "manual" : false,
      "startTime" : "20180619T095615+0100",
      "endTime" : "20180619T100940+0100",
      "duration" : 805.0,
      "distance" : 3880.0
    } ],
    "lastUpdate" : "20180619T100046Z"
  }, {
    "type" : "place",
    "startTime" : "20180619T100941+0100",
    "endTime" : "20180619T130416+0100",
    "activities" : [ {
      "activity" : "walking",
      "group" : "walking",
      "manual" : false,
      "startTime" : "20180619T100941+0100",
      "endTime" : "20180619T101041+0100",
      "duration" : 60.0,
      "distance" : 45.0,
      "steps" : 91
    }, {
      "activity" : "walking",
      "group" : "walking",
      "manual" : false,
      "startTime" : "20180619T113838+0100",
      "endTime" : "20180619T114001+0100",
      "duration" : 83.0,
      "distance" : 52.0,
      "steps" : 105
    }, {
      "activity" : "walking",
      "group" : "walking",
      "manual" : false,
      "startTime" : "20180619T130338+0100",
      "endTime" : "20180619T130415+0100",
      "duration" : 37.0,
      "distance" : 40.0,
      "steps" : 81
    } ],
    "lastUpdate" : "20180619T121648Z"
  }, {
    "type" : "move",
    "startTime" : "20180619T130416+0100",
    "endTime" : "20180619T130902+0100",
    "activities" : [ {
      "activity" : "walking",
      "group" : "walking",
      "manual" : false,
      "startTime" : "20180619T130416+0100",
      "endTime" : "20180619T130902+0100",
      "duration" : 286.0,
      "distance" : 392.0,
      "steps" : 497
    } ],
    "lastUpdate" : "20180619T121648Z"
  }, {
    "type" : "place",
    "startTime" : "20180619T130902+0100",
    "endTime" : "20180619T132633+0100",
    "activities" : [ {
      "activity" : "walking",
      "group" : "walking",
      "manual" : false,
      "startTime" : "20180619T130902+0100",
      "endTime" : "20180619T130933+0100",
      "duration" : 31.0,
      "distance" : 23.0,
      "steps" : 47
    } ],
    "lastUpdate" : "20180619T140841Z"
  }, {
    "type" : "move",
    "startTime" : "20180619T132633+0100",
    "endTime" : "20180619T133315+0100",
    "activities" : [ {
      "activity" : "walking",
      "group" : "walking",
      "manual" : false,
      "startTime" : "20180619T132633+0100",
      "endTime" : "20180619T133314+0100",
      "duration" : 401.0,
      "distance" : 408.0,
      "steps" : 607
    } ],
    "lastUpdate" : "20180619T140841Z"
  }, {
    "type" : "place",
    "startTime" : "20180619T133315+0100",
    "endTime" : "20180619T165153+0100",
    "activities" : [ {
      "activity" : "walking",
      "group" : "walking",
      "manual" : false,
      "startTime" : "20180619T133315+0100",
      "endTime" : "20180619T133433+0100",
      "duration" : 78.0,
      "distance" : 59.0,
      "steps" : 118
    }, {
      "activity" : "walking",
      "group" : "walking",
      "manual" : false,
      "startTime" : "20180619T165142+0100",
      "endTime" : "20180619T165153+0100",
      "duration" : 11.0,
      "distance" : 7.0,
      "steps" : 14
    } ],
    "lastUpdate" : "20180619T172347Z"
  }, {
    "type" : "move",
    "startTime" : "20180619T165153+0100",
    "endTime" : "20180619T170337+0100",
    "activities" : [ {
      "activity" : "walking",
      "group" : "walking",
      "manual" : false,
      "startTime" : "20180619T165153+0100",
      "endTime" : "20180619T170337+0100",
      "duration" : 704.0,
      "distance" : 1081.0,
      "steps" : 1295
    } ],
    "lastUpdate" : "20180619T172347Z"
  }, {
    "type" : "place",
    "startTime" : "20180619T170337+0100",
    "endTime" : "20180619T175454+0100",
    "activities" : [ {
      "activity" : "walking",
      "group" : "walking",
      "manual" : false,
      "startTime" : "20180619T170337+0100",
      "endTime" : "20180619T171501+0100",
      "duration" : 684.0,
      "distance" : 770.0,
      "steps" : 1026
    } ],
    "lastUpdate" : "20180619T172347Z"
  }, {
    "type" : "move",
    "startTime" : "20180619T175454+0100",
    "endTime" : "20180619T175756+0100",
    "activities" : [ {
      "activity" : "walking",
      "group" : "walking",
      "manual" : false,
      "startTime" : "20180619T175454+0100",
      "endTime" : "20180619T175756+0100",
      "duration" : 182.0,
      "distance" : 91.0,
      "steps" : 143
    } ],
    "lastUpdate" : "20180619T172347Z"
  }, {
    "type" : "place",
    "startTime" : "20180619T175756+0100",
    "endTime" : "20180619T180623+0100",
    "activities" : [ {
      "activity" : "walking",
      "group" : "walking",
      "manual" : false,
      "startTime" : "20180619T180610+0100",
      "endTime" : "20180619T180621+0100",
      "duration" : 11.0,
      "distance" : 8.0,
      "steps" : 17
    } ],
    "lastUpdate" : "20180619T175327Z"
  }, {
    "type" : "move",
    "startTime" : "20180619T180623+0100",
    "endTime" : "20180619T183813+0100",
    "activities" : [ {
      "activity" : "walking",
      "group" : "walking",
      "manual" : false,
      "startTime" : "20180619T180623+0100",
      "endTime" : "20180619T181023+0100",
      "duration" : 240.0,
      "distance" : 266.0,
      "steps" : 407
    }, {
      "activity" : "transport",
      "group" : "transport",
      "manual" : false,
      "startTime" : "20180619T181024+0100",
      "endTime" : "20180619T183812+0100",
      "duration" : 1668.0,
      "distance" : 6974.0
    } ],
    "lastUpdate" : "20180619T175327Z"
  }, {
    "type" : "place",
    "startTime" : "20180619T183813+0100",
    "endTime" : "20180620T103857+0100",
    "activities" : [ {
      "activity" : "walking",
      "group" : "walking",
      "manual" : false,
      "startTime" : "20180619T183813+0100",
      "endTime" : "20180619T184142+0100",
      "duration" : 209.0,
      "distance" : 235.0,
      "steps" : 314
    }, {
      "activity" : "walking",
      "group" : "walking",
      "manual" : false,
      "startTime" : "20180619T190013+0100",
      "endTime" : "20180619T190310+0100",
      "duration" : 177.0,
      "distance" : 197.0,
      "steps" : 263
    }, {
      "activity" : "walking",
      "group" : "walking",
      "manual" : false,
      "startTime" : "20180619T203150+0100",
      "endTime" : "20180619T203236+0100",
      "duration" : 46.0,
      "distance" : 34.0,
      "steps" : 68
    }, {
      "activity" : "walking",
      "group" : "walking",
      "manual" : false,
      "startTime" : "20180619T220152+0100",
      "endTime" : "20180619T220301+0100",
      "duration" : 69.0,
      "distance" : 34.0,
      "steps" : 60
    }, {
      "activity" : "walking",
      "group" : "walking",
      "manual" : false,
      "startTime" : "20180619T231154+0100",
      "endTime" : "20180619T231156+0100",
      "duration" : 2.0,
      "distance" : 1.0,
      "steps" : 2
    } ],
    "lastUpdate" : "20180620T104020Z"
  } ],
  "lastUpdate" : "20180620T104020Z"
} ]