[ {
  "date" : "20180618",
  "summary" : [ {
    "activity" : "walking",
    "group" : "walking",
    "duration" : 1360.0,
    "distance" : 1254.0,
    "steps" : 2035
  }, {
    "activity" : "cycling",
    "group" : "cycling",
    "duration" : 711.0,
    "distance" : 3611.0
  } ],
  "lastUpdate" : "20180619T100046Z"
}, {
  "date" : "20180619",
  "summary" : [ {
    "activity" : "walking",
    "group" : "walking",
    "duration" : 3519.0,
    "distance" : 3978.0,
    "steps" : 5468
  }, {
    "activity" : "cycling",
    "group" : "cycling",
    "duration" : 805.0,
    "distance" : 3880.0
  }, {
    "activity" : "transport",
    "group" : "transport",
    "duration" : 1668.0,
    "distance" : 6974.0
  } ],
  "lastUpdate" : "20180620T104020Z"
}, {
  "date" : "20180620",
  "summary" : [ {
    "activity" : "walking",
    "group" : "walking",
    "duration" : 1233.0,
    "distance" : 975.0,
    "steps" : 1556
  } ],
  "lastUpdate" : "20180620T121232Z"
} ]