[ {
  "date" : "20180619",
  "summary" : [ {
    "activity" : "walking",
    "group" : "walking",
    "duration" : 3519.0,
    "distance" : 3978.0,
    "steps" : 5468
  }, {
    "activity" : "cycling",
    "group" : "cycling",
    "duration" : 805.0,
    "distance" : 3880.0
  }, {
    "activity" : "transport",
    "group" : "transport",
    "duration" : 1668.0,
    "distance" : 6974.0
  } ],
  "segments" : [ {
    "type" : "place",
    "startTime" : "20180618T195037+0100",
    "endTime" : "20180619T095615+0100",
    "place" : {
      "id" : 787103581,
      "name" : "Home",
      "type" : "home",
      "location" : {
        "lat" : 55.93449111680904,
        "lon" : -3.228312634811668
      }
    },
    "activities" : [ {
      "activity" : "walking",
      "group" : "walking",
      "manual" : false,
      "startTime" : "20180619T092948+0100",
      "endTime" : "20180619T093316+0100",
      "duration" : 208.0,
      "distance" : 235.0,
      "steps" : 313,
      "trackPoints" : [ ]
    } ],
    "lastUpdate" : "20180619T100046Z"
  }, {
    "type" : "move",
    "startTime" : "20180619T095615+0100",
    "endTime" : "20180619T100940+0100",
    "activities" : [ {
      "activity" : "cycling",
      "group" : "cycling",
      "manual" : false,
      "startTime" : "20180619T095615+0100",
      "endTime" : "20180619T100940+0100",
      "duration" : 805.0,
      "distance" : 3880.0,
      "trackPoints" : [ {
        "lat" : 55.934491,
        "lon" : -3.2283126,
        "time" : "20180619T095615+0100"
      }, {
        "lat" : 55.936385,
        "lon" : -3.2247704,
        "time" : "20180619T095656+0100"
      }, {
        "lat" : 55.937282,
        "lon" : -3.223757,
        "time" : "20180619T095720+0100"
      }, {
        "lat" : 55.938783,
        "lon" : -3.2211108,
        "time" : "20180619T095756+0100"
      }, {
        "lat" : 55.939964,
        "lon" : -3.2195899,
        "time" : "20180619T095839+0100"
      }, {
        "lat" : 55.940362,
        "lon" : -3.2181815,
        "time" : "20180619T095859+0100"
      }, {
        "lat" : 55.94138,
        "lon" : -3.2159853,
        "time" : "20180619T095933+0100"
      }, {
        "lat" : 55.94139,
        "lon" : -3.2155647,
        "time" : "20180619T095959+0100"
      }, {
        "lat" : 55.94139,
        "lon" : -3.2155645,
        "time" : "20180619T100000+0100"
      }, {
        "lat" : 55.94139,
        "lon" : -3.2155549,
        "time" : "20180619T100000+0100"
      }, {
        "lat" : 55.943276,
        "lon" : -3.2091868,
        "time" : "20180619T100110+0100"
      }, {
        "lat" : 55.944112,
        "lon" : -3.2067175,
        "time" : "20180619T100137+0100"
      }, {
        "lat" : 55.944931,
        "lon" : -3.2063359,
        "time" : "20180619T100158+0100"
      }, {
        "lat" : 55.945742,
        "lon" : -3.2067313,
        "time" : "20180619T100220+0100"
      }, {
        "lat" : 55.945766,
        "lon" : -3.2061722,
        "time" : "20180619T100251+0100"
      }, {
        "lat" : 55.945786,
        "lon" : -3.2035592,
        "time" : "20180619T100340+0100"
      }, {
        "lat" : 55.94589,
        "lon" : -3.2015182,
        "time" : "20180619T100414+0100"
      }, {
        "lat" : 55.946292,
        "lon" : -3.2004621,
        "time" : "20180619T100430+0100"
      }, {
        "lat" : 55.946402,
        "lon" : -3.1988873,
        "time" : "20180619T100448+0100"
      }, {
        "lat" : 55.946863,
        "lon" : -3.1977823,
        "time" : "20180619T100523+0100"
      }, {
        "lat" : 55.947926,
        "lon" : -3.1929896,
        "time" : "20180619T100636+0100"
      }, {
        "lat" : 55.948586,
        "lon" : -3.1901411,
        "time" : "20180619T100708+0100"
      }, {
        "lat" : 55.948728,
        "lon" : -3.1887592,
        "time" : "20180619T100725+0100"
      }, {
        "lat" : 55.948432,
        "lon" : -3.1838237,
        "time" : "20180619T100841+0100"
      }, {
        "lat" : 55.948384,
        "lon" : -3.1842279,
        "time" : "20180619T100940+0100"
      } ]
    } ],
    "lastUpdate" : "20180619T100046Z"
  }, {
    "type" : "place",
    "startTime" : "20180619T100941+0100",
    "endTime" : "20180619T130416+0100",
    "place" : {
      "id" : 510267390,
      "name" : "Work",
      "type" : "work",
      "location" : {
        "lat" : 55.94838400000001,
        "lon" : -3.1842278999999998
      }
    },
    "activities" : [ {
      "activity" : "walking",
      "group" : "walking",
      "manual" : false,
      "startTime" : "20180619T100941+0100",
      "endTime" : "20180619T101041+0100",
      "duration" : 60.0,
      "distance" : 45.0,
      "steps" : 91,
      "trackPoints" : [ ]
    }, {
      "activity" : "walking",
      "group" : "walking",
      "manual" : false,
      "startTime" : "20180619T113838+0100",
      "endTime" : "20180619T114001+0100",
      "duration" : 83.0,
      "distance" : 52.0,
      "steps" : 105,
      "trackPoints" : [ ]
    }, {
      "activity" : "walking",
      "group" : "walking",
      "manual" : false,
      "startTime" : "20180619T130338+0100",
      "endTime" : "20180619T130415+0100",
      "duration" : 37.0,
      "distance" : 40.0,
      "steps" : 81,
      "trackPoints" : [ ]
    } ],
    "lastUpdate" : "20180619T121648Z"
  }, {
    "type" : "move",
    "startTime" : "20180619T130416+0100",
    "endTime" : "20180619T130902+0100",
    "activities" : [ {
      "activity" : "walking",
      "group" : "walking",
      "manual" : false,
      "startTime" : "20180619T130416+0100",
      "endTime" : "20180619T130902+0100",
      "duration" : 286.0,
      "distance" : 392.0,
      "steps" : 497,
      "trackPoints" : [ {
        "lat" : 55.948384,
        "lon" : -3.1842279,
        "time" : "20180619T130416+0100"
      }, {
        "lat" : 55.948325,
        "lon" : -3.1847841,
        "time" : "20180619T130434+0100"
      }, {
        "lat" : 55.948139,
        "lon" : -3.1856291,
        "time" : "20180619T130513+0100"
      }, {
        "lat" : 55.948049,
        "lon" : -3.1859462,
        "time" : "20180619T130534+0100"
      }, {
        "lat" : 55.947956,
        "lon" : -3.1860171,
        "time" : "20180619T130601+0100"
      }, {
        "lat" : 55.947661,
        "lon" : -3.1863475,
        "time" : "20180619T130625+0100"
      }, {
        "lat" : 55.947362,
        "lon" : -3.1864347,
        "time" : "20180619T130644+0100"
      }, {
        "lat" : 55.947255,
        "lon" : -3.1862477,
        "time" : "20180619T130659+0100"
      }, {
        "lat" : 55.946915,
        "lon" : -3.1858726,
        "time" : "20180619T130733+0100"
      }, {
        "lat" : 55.946394,
        "lon" : -3.185414,
        "time" : "20180619T130814+0100"
      }, {
        "lat" : 55.94619,
        "lon" : -3.1852657,
        "time" : "20180619T130839+0100"
      }, {
        "lat" : 55.946014,
        "lon" : -3.1851943,
        "time" : "20180619T130902+0100"
      } ]
    } ],
    "lastUpdate" : "20180619T121648Z"
  }, {
    "type" : "place",
    "startTime" : "20180619T130902+0100",
    "endTime" : "20180619T132633+0100",
    "place" : {
      "id" : 787221300,
      "type" : "unknown",
      "location" : {
        "lat" : 55.946014,
        "lon" : -3.1851943
      }
    },
    "activities" : [ {
      "activity" : "walking",
      "group" : "walking",
      "manual" : false,
      "startTime" : "20180619T130902+0100",
      "endTime" : "20180619T130933+0100",
      "duration" : 31.0,
      "distance" : 23.0,
      "steps" : 47,
      "trackPoints" : [ ]
    } ],
    "lastUpdate" : "20180619T140841Z"
  }, {
    "type" : "move",
    "startTime" : "20180619T132633+0100",
    "endTime" : "20180619T133315+0100",
    "activities" : [ {
      "activity" : "walking",
      "group" : "walking",
      "manual" : false,
      "startTime" : "20180619T132633+0100",
      "endTime" : "20180619T133314+0100",
      "duration" : 401.0,
      "distance" : 408.0,
      "steps" : 607,
      "trackPoints" : [ {
        "lat" : 55.946014,
        "lon" : -3.1851943,
        "time" : "20180619T132633+0100"
      }, {
        "lat" : 55.946086,
        "lon" : -3.1848881,
        "time" : "20180619T132706+0100"
      }, {
        "lat" : 55.946121,
        "lon" : -3.1848065,
        "time" : "20180619T132745+0100"
      }, {
        "lat" : 55.946334,
        "lon" : -3.1842962,
        "time" : "20180619T132819+0100"
      }, {
        "lat" : 55.946521,
        "lon" : -3.183912,
        "time" : "20180619T132848+0100"
      }, {
        "lat" : 55.946579,
        "lon" : -3.1838502,
        "time" : "20180619T132907+0100"
      }, {
        "lat" : 55.946786,
        "lon" : -3.1836582,
        "time" : "20180619T132932+0100"
      }, {
        "lat" : 55.946925,
        "lon" : -3.183487,
        "time" : "20180619T132949+0100"
      }, {
        "lat" : 55.947043,
        "lon" : -3.1832925,
        "time" : "20180619T133006+0100"
      }, {
        "lat" : 55.947198,
        "lon" : -3.183036,
        "time" : "20180619T133027+0100"
      }, {
        "lat" : 55.947401,
        "lon" : -3.1829944,
        "time" : "20180619T133047+0100"
      }, {
        "lat" : 55.947655,
        "lon" : -3.183057,
        "time" : "20180619T133109+0100"
      }, {
        "lat" : 55.948298,
        "lon" : -3.183169,
        "time" : "20180619T133210+0100"
      }, {
        "lat" : 55.948375,
        "lon" : -3.1837015,
        "time" : "20180619T133245+0100"
      }, {
        "lat" : 55.948384,
        "lon" : -3.1842279,
        "time" : "20180619T133315+0100"
      } ]
    } ],
    "lastUpdate" : "20180619T140841Z"
  }, {
    "type" : "place",
    "startTime" : "20180619T133315+0100",
    "endTime" : "20180619T165153+0100",
    "place" : {
      "id" : 510267390,
      "name" : "Work",
      "type" : "work",
      "location" : {
        "lat" : 55.94838400000001,
        "lon" : -3.1842278999999998
      }
    },
    "activities" : [ {
      "activity" : "walking",
      "group" : "walking",
      "manual" : false,
      "startTime" : "20180619T133315+0100",
      "endTime" : "20180619T133433+0100",
      "duration" : 78.0,
      "distance" : 59.0,
      "steps" : 118,
      "trackPoints" : [ ]
    }, {
      "activity" : "walking",
      "group" : "walking",
      "manual" : false,
      "startTime" : "20180619T165142+0100",
      "endTime" : "20180619T165153+0100",
      "duration" : 11.0,
      "distance" : 7.0,
      "steps" : 14,
      "trackPoints" : [ ]
    } ],
    "lastUpdate" : "20180619T172347Z"
  }, {
    "type" : "move",
    "startTime" : "20180619T165153+0100",
    "endTime" : "20180619T170337+0100",
    "activities" : [ {
      "activity" : "walking",
      "group" : "walking",
      "manual" : false,
      "startTime" : "20180619T165153+0100",
      "endTime" : "20180619T170337+0100",
      "duration" : 704.0,
      "distance" : 1081.0,
      "steps" : 1295,
      "trackPoints" : [ {
        "lat" : 55.948384,
        "lon" : -3.1842279,
        "time" : "20180619T165153+0100"
      }, {
        "lat" : 55.948541,
        "lon" : -3.1846947,
        "time" : "20180619T165235+0100"
      }, {
        "lat" : 55.949003,
        "lon" : -3.1855531,
        "time" : "20180619T165334+0100"
      }, {
        "lat" : 55.949181,
        "lon" : -3.1857359,
        "time" : "20180619T165353+0100"
      }, {
        "lat" : 55.949427,
        "lon" : -3.1859666,
        "time" : "20180619T165412+0100"
      }, {
        "lat" : 55.950257,
        "lon" : -3.1874231,
        "time" : "20180619T165550+0100"
      }, {
        "lat" : 55.950733,
        "lon" : -3.1880116,
        "time" : "20180619T165633+0100"
      }, {
        "lat" : 55.950953,
        "lon" : -3.1880497,
        "time" : "20180619T165648+0100"
      }, {
        "lat" : 55.951539,
        "lon" : -3.1881554,
        "time" : "20180619T165718+0100"
      }, {
        "lat" : 55.952071,
        "lon" : -3.1883953,
        "time" : "20180619T165752+0100"
      }, {
        "lat" : 55.952328,
        "lon" : -3.1886148,
        "time" : "20180619T165813+0100"
      }, {
        "lat" : 55.952703,
        "lon" : -3.1887448,
        "time" : "20180619T165836+0100"
      }, {
        "lat" : 55.953133,
        "lon" : -3.1887867,
        "time" : "20180619T165910+0100"
      }, {
        "lat" : 55.953483,
        "lon" : -3.1885456,
        "time" : "20180619T165945+0100"
      }, {
        "lat" : 55.953653,
        "lon" : -3.1884423,
        "time" : "20180619T165959+0100"
      }, {
        "lat" : 55.953653,
        "lon" : -3.1884422,
        "time" : "20180619T170000+0100"
      }, {
        "lat" : 55.95396,
        "lon" : -3.1882551,
        "time" : "20180619T170027+0100"
      }, {
        "lat" : 55.954086,
        "lon" : -3.1877116,
        "time" : "20180619T170047+0100"
      }, {
        "lat" : 55.954208,
        "lon" : -3.1872292,
        "time" : "20180619T170108+0100"
      }, {
        "lat" : 55.955022,
        "lon" : -3.1867976,
        "time" : "20180619T170156+0100"
      }, {
        "lat" : 55.955139,
        "lon" : -3.1867864,
        "time" : "20180619T170212+0100"
      }, {
        "lat" : 55.955347,
        "lon" : -3.186809,
        "time" : "20180619T170229+0100"
      }, {
        "lat" : 55.955667,
        "lon" : -3.1868014,
        "time" : "20180619T170308+0100"
      }, {
        "lat" : 55.955484,
        "lon" : -3.186982,
        "time" : "20180619T170337+0100"
      } ]
    } ],
    "lastUpdate" : "20180619T172347Z"
  }, {
    "type" : "place",
    "startTime" : "20180619T170337+0100",
    "endTime" : "20180619T175454+0100",
    "place" : {
      "id" : 787279380,
      "type" : "unknown",
      "location" : {
        "lat" : 55.955484,
        "lon" : -3.186982
      }
    },
    "activities" : [ {
      "activity" : "walking",
      "group" : "walking",
      "manual" : false,
      "startTime" : "20180619T170337+0100",
      "endTime" : "20180619T171501+0100",
      "duration" : 684.0,
      "distance" : 770.0,
      "steps" : 1026,
      "trackPoints" : [ ]
    } ],
    "lastUpdate" : "20180619T172347Z"
  }, {
    "type" : "move",
    "startTime" : "20180619T175454+0100",
    "endTime" : "20180619T175756+0100",
    "activities" : [ {
      "activity" : "walking",
      "group" : "walking",
      "manual" : false,
      "startTime" : "20180619T175454+0100",
      "endTime" : "20180619T175756+0100",
      "duration" : 182.0,
      "distance" : 91.0,
      "steps" : 143,
      "trackPoints" : [ {
        "lat" : 55.955484,
        "lon" : -3.186982,
        "time" : "20180619T175454+0100"
      }, {
        "lat" : 55.955968,
        "lon" : -3.1870288,
        "time" : "20180619T175706+0100"
      }, {
        "lat" : 55.955978,
        "lon" : -3.1871041,
        "time" : "20180619T175723+0100"
      }, {
        "lat" : 55.95599,
        "lon" : -3.1871173,
        "time" : "20180619T175738+0100"
      }, {
        "lat" : 55.956047,
        "lon" : -3.1870993,
        "time" : "20180619T175756+0100"
      } ]
    } ],
    "lastUpdate" : "20180619T172347Z"
  }, {
    "type" : "place",
    "startTime" : "20180619T175756+0100",
    "endTime" : "20180619T180623+0100",
    "place" : {
      "id" : 787279381,
      "type" : "unknown",
      "location" : {
        "lat" : 55.956047,
        "lon" : -3.1870993
      }
    },
    "activities" : [ {
      "activity" : "walking",
      "group" : "walking",
      "manual" : false,
      "startTime" : "20180619T180610+0100",
      "endTime" : "20180619T180621+0100",
      "duration" : 11.0,
      "distance" : 8.0,
      "steps" : 17,
      "trackPoints" : [ ]
    } ],
    "lastUpdate" : "20180619T175327Z"
  }, {
    "type" : "move",
    "startTime" : "20180619T180623+0100",
    "endTime" : "20180619T183813+0100",
    "activities" : [ {
      "activity" : "walking",
      "group" : "walking",
      "manual" : false,
      "startTime" : "20180619T180623+0100",
      "endTime" : "20180619T181023+0100",
      "duration" : 240.0,
      "distance" : 266.0,
      "steps" : 407,
      "trackPoints" : [ {
        "lat" : 55.956047,
        "lon" : -3.1870993,
        "time" : "20180619T180623+0100"
      }, {
        "lat" : 55.956381,
        "lon" : -3.18726,
        "time" : "20180619T180639+0100"
      }, {
        "lat" : 55.956702,
        "lon" : -3.1873007,
        "time" : "20180619T180737+0100"
      }, {
        "lat" : 55.956929,
        "lon" : -3.1871631,
        "time" : "20180619T180800+0100"
      }, {
        "lat" : 55.956984,
        "lon" : -3.1868331,
        "time" : "20180619T180818+0100"
      }, {
        "lat" : 55.957236,
        "lon" : -3.1858129,
        "time" : "20180619T180907+0100"
      }, {
        "lat" : 55.95752,
        "lon" : -3.1855375,
        "time" : "20180619T180958+0100"
      }, {
        "lat" : 55.957654,
        "lon" : -3.1856142,
        "time" : "20180619T181024+0100"
      } ]
    }, {
      "activity" : "transport",
      "group" : "transport",
      "manual" : false,
      "startTime" : "20180619T181024+0100",
      "endTime" : "20180619T183812+0100",
      "duration" : 1668.0,
      "distance" : 6974.0,
      "trackPoints" : [ {
        "lat" : 55.957654,
        "lon" : -3.1856142,
        "time" : "20180619T181024+0100"
      }, {
        "lat" : 55.95784,
        "lon" : -3.1858188,
        "time" : "20180619T181041+0100"
      }, {
        "lat" : 55.958701,
        "lon" : -3.1871474,
        "time" : "20180619T181142+0100"
      }, {
        "lat" : 55.957461,
        "lon" : -3.1880814,
        "time" : "20180619T181233+0100"
      }, {
        "lat" : 55.957056,
        "lon" : -3.1859502,
        "time" : "20180619T181323+0100"
      }, {
        "lat" : 55.95771,
        "lon" : -3.1770805,
        "time" : "20180619T181442+0100"
      }, {
        "lat" : 55.956858,
        "lon" : -3.1715302,
        "time" : "20180619T181510+0100"
      }, {
        "lat" : 55.956858,
        "lon" : -3.1715302,
        "time" : "20180619T181731+0100"
      }, {
        "lat" : 55.956858,
        "lon" : -3.1715302,
        "time" : "20180619T181749+0100"
      }, {
        "lat" : 55.956858,
        "lon" : -3.1715302,
        "time" : "20180619T181857+0100"
      }, {
        "lat" : 55.95275,
        "lon" : -3.1745162,
        "time" : "20180619T182002+0100"
      }, {
        "lat" : 55.951946,
        "lon" : -3.1777334,
        "time" : "20180619T182028+0100"
      }, {
        "lat" : 55.951398,
        "lon" : -3.1800332,
        "time" : "20180619T182052+0100"
      }, {
        "lat" : 55.950797,
        "lon" : -3.1828901,
        "time" : "20180619T182118+0100"
      }, {
        "lat" : 55.950275,
        "lon" : -3.183987,
        "time" : "20180619T182140+0100"
      }, {
        "lat" : 55.949112,
        "lon" : -3.1843217,
        "time" : "20180619T182157+0100"
      }, {
        "lat" : 55.948414,
        "lon" : -3.1844054,
        "time" : "20180619T182331+0100"
      }, {
        "lat" : 55.948377,
        "lon" : -3.1845523,
        "time" : "20180619T182400+0100"
      }, {
        "lat" : 55.948362,
        "lon" : -3.1846249,
        "time" : "20180619T182428+0100"
      }, {
        "lat" : 55.948354,
        "lon" : -3.1846734,
        "time" : "20180619T182446+0100"
      }, {
        "lat" : 55.948339,
        "lon" : -3.1847579,
        "time" : "20180619T182512+0100"
      }, {
        "lat" : 55.947931,
        "lon" : -3.1858884,
        "time" : "20180619T182548+0100"
      }, {
        "lat" : 55.947888,
        "lon" : -3.1862078,
        "time" : "20180619T182615+0100"
      }, {
        "lat" : 55.947573,
        "lon" : -3.1887284,
        "time" : "20180619T182650+0100"
      }, {
        "lat" : 55.947131,
        "lon" : -3.1909563,
        "time" : "20180619T182708+0100"
      }, {
        "lat" : 55.946676,
        "lon" : -3.1908931,
        "time" : "20180619T182724+0100"
      }, {
        "lat" : 55.945558,
        "lon" : -3.190281,
        "time" : "20180619T182800+0100"
      }, {
        "lat" : 55.945113,
        "lon" : -3.1947487,
        "time" : "20180619T182827+0100"
      }, {
        "lat" : 55.94498,
        "lon" : -3.1966272,
        "time" : "20180619T182849+0100"
      }, {
        "lat" : 55.944827,
        "lon" : -3.1989321,
        "time" : "20180619T182918+0100"
      }, {
        "lat" : 55.943914,
        "lon" : -3.2031253,
        "time" : "20180619T182950+0100"
      }, {
        "lat" : 55.943809,
        "lon" : -3.2034319,
        "time" : "20180619T183057+0100"
      }, {
        "lat" : 55.942228,
        "lon" : -3.2035451,
        "time" : "20180619T183158+0100"
      }, {
        "lat" : 55.942077,
        "lon" : -3.2037003,
        "time" : "20180619T183214+0100"
      }, {
        "lat" : 55.942037,
        "lon" : -3.2037285,
        "time" : "20180619T183231+0100"
      }, {
        "lat" : 55.94002,
        "lon" : -3.2113836,
        "time" : "20180619T183338+0100"
      }, {
        "lat" : 55.939022,
        "lon" : -3.2134519,
        "time" : "20180619T183358+0100"
      }, {
        "lat" : 55.938266,
        "lon" : -3.2152137,
        "time" : "20180619T183415+0100"
      }, {
        "lat" : 55.937425,
        "lon" : -3.2168736,
        "time" : "20180619T183431+0100"
      }, {
        "lat" : 55.936762,
        "lon" : -3.2182167,
        "time" : "20180619T183450+0100"
      }, {
        "lat" : 55.934144,
        "lon" : -3.2232654,
        "time" : "20180619T183533+0100"
      }, {
        "lat" : 55.934126,
        "lon" : -3.2251601,
        "time" : "20180619T183614+0100"
      }, {
        "lat" : 55.934126,
        "lon" : -3.2251601,
        "time" : "20180619T183633+0100"
      }, {
        "lat" : 55.934431,
        "lon" : -3.227257,
        "time" : "20180619T183708+0100"
      }, {
        "lat" : 55.934331,
        "lon" : -3.2280151,
        "time" : "20180619T183724+0100"
      }, {
        "lat" : 55.934491,
        "lon" : -3.2283126,
        "time" : "20180619T183813+0100"
      } ]
    } ],
    "lastUpdate" : "20180619T175327Z"
  }, {
    "type" : "place",
    "startTime" : "20180619T183813+0100",
    "endTime" : "20180620T103857+0100",
    "place" : {
      "id" : 787103581,
      "name" : "Home",
      "type" : "home",
      "location" : {
        "lat" : 55.93449111680904,
        "lon" : -3.228312634811668
      }
    },
    "activities" : [ {
      "activity" : "walking",
      "group" : "walking",
      "manual" : false,
      "startTime" : "20180619T183813+0100",
      "endTime" : "20180619T184142+0100",
      "duration" : 209.0,
      "distance" : 235.0,
      "steps" : 314,
      "trackPoints" : [ ]
    }, {
      "activity" : "walking",
      "group" : "walking",
      "manual" : false,
      "startTime" : "20180619T190013+0100",
      "endTime" : "20180619T190310+0100",
      "duration" : 177.0,
      "distance" : 197.0,
      "steps" : 263,
      "trackPoints" : [ ]
    }, {
      "activity" : "walking",
      "group" : "walking",
      "manual" : false,
      "startTime" : "20180619T203150+0100",
      "endTime" : "20180619T203236+0100",
      "duration" : 46.0,
      "distance" : 34.0,
      "steps" : 68,
      "trackPoints" : [ ]
    }, {
      "activity" : "walking",
      "group" : "walking",
      "manual" : false,
      "startTime" : "20180619T220152+0100",
      "endTime" : "20180619T220301+0100",
      "duration" : 69.0,
      "distance" : 34.0,
      "steps" : 60,
      "trackPoints" : [ ]
    }, {
      "activity" : "walking",
      "group" : "walking",
      "manual" : false,
      "startTime" : "20180619T231154+0100",
      "endTime" : "20180619T231156+0100",
      "duration" : 2.0,
      "distance" : 1.0,
      "steps" : 2,
      "trackPoints" : [ ]
    } ],
    "lastUpdate" : "20180620T104020Z"
  } ],
  "lastUpdate" : "20180620T104020Z"
} ]