[ {
  "date" : "20180620",
  "summary" : [ {
    "activity" : "walking",
    "group" : "walking",
    "duration" : 1233.0,
    "distance" : 975.0,
    "steps" : 1556
  } ],
  "segments" : [ {
    "type" : "place",
    "startTime" : "20180619T183813+0100",
    "endTime" : "20180620T103857+0100",
    "place" : {
      "id" : 787103581,
      "name" : "Home",
      "type" : "home",
      "location" : {
        "lat" : 55.93449111680904,
        "lon" : -3.228312634811668
      }
    },
    "activities" : [ {
      "activity" : "walking",
      "group" : "walking",
      "manual" : false,
      "startTime" : "20180620T072640+0100",
      "endTime" : "20180620T072647+0100",
      "duration" : 7.0,
      "distance" : 5.0,
      "steps" : 10,
      "trackPoints" : [ ]
    }, {
      "activity" : "walking",
      "group" : "walking",
      "manual" : false,
      "startTime" : "20180620T080830+0100",
      "endTime" : "20180620T080915+0100",
      "duration" : 45.0,
      "distance" : 22.0,
      "steps" : 36,
      "trackPoints" : [ ]
    }, {
      "activity" : "walking",
      "group" : "walking",
      "manual" : false,
      "startTime" : "20180620T092653+0100",
      "endTime" : "20180620T092722+0100",
      "duration" : 29.0,
      "distance" : 14.0,
      "steps" : 0,
      "trackPoints" : [ ]
    }, {
      "activity" : "walking",
      "group" : "walking",
      "manual" : false,
      "startTime" : "20180620T100624+0100",
      "endTime" : "20180620T101232+0100",
      "duration" : 368.0,
      "distance" : 413.0,
      "steps" : 551,
      "trackPoints" : [ ]
    } ],
    "lastUpdate" : "20180620T104020Z"
  }, {
    "type" : "move",
    "startTime" : "20180620T103857+0100",
    "endTime" : "20180620T104554+0100",
    "activities" : [ {
      "activity" : "walking",
      "group" : "walking",
      "manual" : false,
      "startTime" : "20180620T103857+0100",
      "endTime" : "20180620T104554+0100",
      "duration" : 417.0,
      "distance" : 232.0,
      "steps" : 464,
      "trackPoints" : [ {
        "lat" : 55.934491,
        "lon" : -3.2283126,
        "time" : "20180620T103857+0100"
      }, {
        "lat" : 55.934381,
        "lon" : -3.2284526,
        "time" : "20180620T103914+0100"
      }, {
        "lat" : 55.934353,
        "lon" : -3.2284308,
        "time" : "20180620T103934+0100"
      }, {
        "lat" : 55.934326,
        "lon" : -3.2284041,
        "time" : "20180620T103958+0100"
      }, {
        "lat" : 55.934306,
        "lon" : -3.2283957,
        "time" : "20180620T104022+0100"
      }, {
        "lat" : 55.934306,
        "lon" : -3.2283435,
        "time" : "20180620T104051+0100"
      }, {
        "lat" : 55.93407,
        "lon" : -3.2283832,
        "time" : "20180620T104138+0100"
      }, {
        "lat" : 55.933348,
        "lon" : -3.2293129,
        "time" : "20180620T104251+0100"
      }, {
        "lat" : 55.933269,
        "lon" : -3.2294215,
        "time" : "20180620T104326+0100"
      }, {
        "lat" : 55.933288,
        "lon" : -3.2294691,
        "time" : "20180620T104342+0100"
      }, {
        "lat" : 55.933291,
        "lon" : -3.2294857,
        "time" : "20180620T104403+0100"
      }, {
        "lat" : 55.933283,
        "lon" : -3.2294963,
        "time" : "20180620T104427+0100"
      }, {
        "lat" : 55.933253,
        "lon" : -3.2294859,
        "time" : "20180620T104458+0100"
      }, {
        "lat" : 55.933168,
        "lon" : -3.2293615,
        "time" : "20180620T104554+0100"
      } ]
    } ],
    "lastUpdate" : "20180620T104020Z"
  }, {
    "type" : "place",
    "startTime" : "20180620T104554+0100",
    "endTime" : "20180620T104653+0100",
    "place" : {
      "id" : 787399289,
      "type" : "unknown",
      "location" : {
        "lat" : 55.933168,
        "lon" : -3.2293615
      }
    },
    "activities" : [ {
      "activity" : "walking",
      "group" : "walking",
      "manual" : false,
      "startTime" : "20180620T104554+0100",
      "endTime" : "20180620T104612+0100",
      "duration" : 18.0,
      "distance" : 14.0,
      "steps" : 28,
      "trackPoints" : [ ]
    } ],
    "lastUpdate" : "20180620T104020Z"
  }, {
    "type" : "move",
    "startTime" : "20180620T104653+0100",
    "endTime" : "20180620T105106+0100",
    "activities" : [ {
      "activity" : "walking",
      "group" : "walking",
      "manual" : false,
      "startTime" : "20180620T104653+0100",
      "endTime" : "20180620T105105+0100",
      "duration" : 252.0,
      "distance" : 202.0,
      "steps" : 320,
      "trackPoints" : [ {
        "lat" : 55.933168,
        "lon" : -3.2293615,
        "time" : "20180620T104653+0100"
      }, {
        "lat" : 55.933429,
        "lon" : -3.2290362,
        "time" : "20180620T104729+0100"
      }, {
        "lat" : 55.933558,
        "lon" : -3.2288493,
        "time" : "20180620T104745+0100"
      }, {
        "lat" : 55.933893,
        "lon" : -3.2285213,
        "time" : "20180620T104819+0100"
      }, {
        "lat" : 55.934468,
        "lon" : -3.2284787,
        "time" : "20180620T104903+0100"
      }, {
        "lat" : 55.934513,
        "lon" : -3.2284311,
        "time" : "20180620T104920+0100"
      }, {
        "lat" : 55.93452,
        "lon" : -3.2283159,
        "time" : "20180620T104950+0100"
      }, {
        "lat" : 55.934515,
        "lon" : -3.2282924,
        "time" : "20180620T105006+0100"
      }, {
        "lat" : 55.934501,
        "lon" : -3.2282701,
        "time" : "20180620T105039+0100"
      }, {
        "lat" : 55.934491,
        "lon" : -3.2283126,
        "time" : "20180620T105106+0100"
      } ]
    } ],
    "lastUpdate" : "20180620T104020Z"
  }, {
    "type" : "place",
    "startTime" : "20180620T105106+0100",
    "endTime" : "20180620T131231+0100",
    "place" : {
      "id" : 787103581,
      "name" : "Home",
      "type" : "home",
      "location" : {
        "lat" : 55.93449111680904,
        "lon" : -3.228312634811668
      }
    },
    "activities" : [ {
      "activity" : "walking",
      "group" : "walking",
      "manual" : false,
      "startTime" : "20180620T121900+0100",
      "endTime" : "20180620T122037+0100",
      "duration" : 97.0,
      "distance" : 73.0,
      "steps" : 147,
      "trackPoints" : [ ]
    } ],
    "lastUpdate" : "20180620T121232Z"
  } ],
  "lastUpdate" : "20180620T121232Z"
} ]