[ {
  "date" : "20180618",
  "summary" : [ {
    "activity" : "walking",
    "group" : "walking",
    "duration" : 1360.0,
    "distance" : 1254.0,
    "steps" : 2035
  }, {
    "activity" : "cycling",
    "group" : "cycling",
    "duration" : 711.0,
    "distance" : 3611.0
  } ],
  "segments" : [ {
    "type" : "place",
    "startTime" : "20180618T131758+0100",
    "endTime" : "20180618T164704+0100",
    "place" : {
      "id" : 510267390,
      "name" : "Work",
      "type" : "work",
      "location" : {
        "lat" : 55.94838400000001,
        "lon" : -3.1842278999999998
      }
    },
    "lastUpdate" : "20180618T161322Z"
  }, {
    "type" : "move",
    "startTime" : "20180618T164704+0100",
    "endTime" : "20180618T165129+0100",
    "activities" : [ {
      "activity" : "walking",
      "group" : "walking",
      "manual" : false,
      "startTime" : "20180618T164704+0100",
      "endTime" : "20180618T165128+0100",
      "duration" : 264.0,
      "distance" : 215.0,
      "steps" : 408,
      "trackPoints" : [ {
        "lat" : 55.948384,
        "lon" : -3.1842279,
        "time" : "20180618T164704+0100"
      }, {
        "lat" : 55.9484,
        "lon" : -3.184438,
        "time" : "20180618T164735+0100"
      }, {
        "lat" : 55.948443,
        "lon" : -3.1845917,
        "time" : "20180618T164807+0100"
      }, {
        "lat" : 55.948236,
        "lon" : -3.1850649,
        "time" : "20180618T164855+0100"
      }, {
        "lat" : 55.948149,
        "lon" : -3.1853973,
        "time" : "20180618T164911+0100"
      }, {
        "lat" : 55.947998,
        "lon" : -3.1865367,
        "time" : "20180618T165019+0100"
      }, {
        "lat" : 55.948023,
        "lon" : -3.1866439,
        "time" : "20180618T165035+0100"
      }, {
        "lat" : 55.948267,
        "lon" : -3.1866987,
        "time" : "20180618T165104+0100"
      }, {
        "lat" : 55.94829,
        "lon" : -3.1866486,
        "time" : "20180618T165129+0100"
      } ]
    } ],
    "lastUpdate" : "20180618T161322Z"
  }, {
    "type" : "place",
    "startTime" : "20180618T165129+0100",
    "endTime" : "20180618T173015+0100",
    "place" : {
      "id" : 510321770,
      "name" : "Costa Coffee",
      "type" : "facebook",
      "facebookPlaceId" : "416277641848804",
      "location" : {
        "lat" : 55.948495452493,
        "lon" : -3.1869095563889
      }
    },
    "activities" : [ {
      "activity" : "walking",
      "group" : "walking",
      "manual" : false,
      "startTime" : "20180618T165129+0100",
      "endTime" : "20180618T165148+0100",
      "duration" : 19.0,
      "distance" : 15.0,
      "steps" : 30,
      "trackPoints" : [ ]
    } ],
    "lastUpdate" : "20180618T174450Z"
  }, {
    "type" : "move",
    "startTime" : "20180618T173015+0100",
    "endTime" : "20180618T173426+0100",
    "activities" : [ {
      "activity" : "walking",
      "group" : "walking",
      "manual" : false,
      "startTime" : "20180618T173015+0100",
      "endTime" : "20180618T173425+0100",
      "duration" : 250.0,
      "distance" : 233.0,
      "steps" : 467,
      "trackPoints" : [ {
        "lat" : 55.948495,
        "lon" : -3.1869096,
        "time" : "20180618T173015+0100"
      }, {
        "lat" : 55.948326,
        "lon" : -3.1867255,
        "time" : "20180618T173037+0100"
      }, {
        "lat" : 55.948217,
        "lon" : -3.1866653,
        "time" : "20180618T173115+0100"
      }, {
        "lat" : 55.948066,
        "lon" : -3.1865066,
        "time" : "20180618T173141+0100"
      }, {
        "lat" : 55.948042,
        "lon" : -3.1860336,
        "time" : "20180618T173211+0100"
      }, {
        "lat" : 55.948071,
        "lon" : -3.1854462,
        "time" : "20180618T173234+0100"
      }, {
        "lat" : 55.948273,
        "lon" : -3.185101,
        "time" : "20180618T173258+0100"
      }, {
        "lat" : 55.948417,
        "lon" : -3.1845551,
        "time" : "20180618T173356+0100"
      }, {
        "lat" : 55.948384,
        "lon" : -3.1842279,
        "time" : "20180618T173426+0100"
      } ]
    } ],
    "lastUpdate" : "20180618T174450Z"
  }, {
    "type" : "place",
    "startTime" : "20180618T173426+0100",
    "endTime" : "20180618T193846+0100",
    "place" : {
      "id" : 510267390,
      "name" : "Work",
      "type" : "work",
      "location" : {
        "lat" : 55.94838400000001,
        "lon" : -3.1842278999999998
      }
    },
    "activities" : [ {
      "activity" : "walking",
      "group" : "walking",
      "manual" : false,
      "startTime" : "20180618T173426+0100",
      "endTime" : "20180618T173520+0100",
      "duration" : 54.0,
      "distance" : 41.0,
      "steps" : 82,
      "trackPoints" : [ ]
    }, {
      "activity" : "walking",
      "group" : "walking",
      "manual" : false,
      "startTime" : "20180618T185851+0100",
      "endTime" : "20180618T185925+0100",
      "duration" : 34.0,
      "distance" : 22.0,
      "steps" : 44,
      "trackPoints" : [ ]
    }, {
      "activity" : "walking",
      "group" : "walking",
      "manual" : false,
      "startTime" : "20180618T190117+0100",
      "endTime" : "20180618T190323+0100",
      "duration" : 126.0,
      "distance" : 140.0,
      "steps" : 187,
      "trackPoints" : [ ]
    } ],
    "lastUpdate" : "20180618T190316Z"
  }, {
    "type" : "move",
    "startTime" : "20180618T193846+0100",
    "endTime" : "20180618T195037+0100",
    "activities" : [ {
      "activity" : "cycling",
      "group" : "cycling",
      "manual" : false,
      "startTime" : "20180618T193846+0100",
      "endTime" : "20180618T195037+0100",
      "duration" : 711.0,
      "distance" : 3611.0,
      "trackPoints" : [ {
        "lat" : 55.948384,
        "lon" : -3.1842279,
        "time" : "20180618T193846+0100"
      }, {
        "lat" : 55.948674,
        "lon" : -3.1847297,
        "time" : "20180618T193904+0100"
      }, {
        "lat" : 55.948933,
        "lon" : -3.1853747,
        "time" : "20180618T193920+0100"
      }, {
        "lat" : 55.948748,
        "lon" : -3.1865888,
        "time" : "20180618T193940+0100"
      }, {
        "lat" : 55.948395,
        "lon" : -3.1891095,
        "time" : "20180618T194008+0100"
      }, {
        "lat" : 55.948385,
        "lon" : -3.1906166,
        "time" : "20180618T194030+0100"
      }, {
        "lat" : 55.948247,
        "lon" : -3.1916866,
        "time" : "20180618T194049+0100"
      }, {
        "lat" : 55.947961,
        "lon" : -3.1940995,
        "time" : "20180618T194115+0100"
      }, {
        "lat" : 55.947132,
        "lon" : -3.1969211,
        "time" : "20180618T194141+0100"
      }, {
        "lat" : 55.946535,
        "lon" : -3.199152,
        "time" : "20180618T194224+0100"
      }, {
        "lat" : 55.946239,
        "lon" : -3.2005644,
        "time" : "20180618T194243+0100"
      }, {
        "lat" : 55.945508,
        "lon" : -3.2028274,
        "time" : "20180618T194315+0100"
      }, {
        "lat" : 55.944853,
        "lon" : -3.2045497,
        "time" : "20180618T194342+0100"
      }, {
        "lat" : 55.944651,
        "lon" : -3.2055428,
        "time" : "20180618T194410+0100"
      }, {
        "lat" : 55.944306,
        "lon" : -3.206484,
        "time" : "20180618T194426+0100"
      }, {
        "lat" : 55.943443,
        "lon" : -3.2080019,
        "time" : "20180618T194451+0100"
      }, {
        "lat" : 55.942685,
        "lon" : -3.2113024,
        "time" : "20180618T194523+0100"
      }, {
        "lat" : 55.941211,
        "lon" : -3.215454,
        "time" : "20180618T194618+0100"
      }, {
        "lat" : 55.939983,
        "lon" : -3.2201072,
        "time" : "20180618T194800+0100"
      }, {
        "lat" : 55.938422,
        "lon" : -3.2237391,
        "time" : "20180618T194844+0100"
      }, {
        "lat" : 55.937113,
        "lon" : -3.2255837,
        "time" : "20180618T194919+0100"
      }, {
        "lat" : 55.936201,
        "lon" : -3.2266848,
        "time" : "20180618T194939+0100"
      }, {
        "lat" : 55.935498,
        "lon" : -3.2278099,
        "time" : "20180618T194955+0100"
      }, {
        "lat" : 55.93454,
        "lon" : -3.2284972,
        "time" : "20180618T195018+0100"
      }, {
        "lat" : 55.934491,
        "lon" : -3.2283126,
        "time" : "20180618T195037+0100"
      } ]
    } ],
    "lastUpdate" : "20180618T190316Z"
  }, {
    "type" : "place",
    "startTime" : "20180618T195037+0100",
    "endTime" : "20180619T095615+0100",
    "place" : {
      "id" : 787103581,
      "name" : "Home",
      "type" : "home",
      "location" : {
        "lat" : 55.93449111680904,
        "lon" : -3.228312634811668
      }
    },
    "activities" : [ {
      "activity" : "walking",
      "group" : "walking",
      "manual" : false,
      "startTime" : "20180618T195037+0100",
      "endTime" : "20180618T195501+0100",
      "duration" : 264.0,
      "distance" : 297.0,
      "steps" : 396,
      "trackPoints" : [ ]
    }, {
      "activity" : "walking",
      "group" : "walking",
      "manual" : false,
      "startTime" : "20180618T200403+0100",
      "endTime" : "20180618T200434+0100",
      "duration" : 31.0,
      "distance" : 23.0,
      "steps" : 47,
      "trackPoints" : [ ]
    }, {
      "activity" : "walking",
      "group" : "walking",
      "manual" : false,
      "startTime" : "20180618T213121+0100",
      "endTime" : "20180618T213258+0100",
      "duration" : 97.0,
      "distance" : 52.0,
      "steps" : 104,
      "trackPoints" : [ ]
    }, {
      "activity" : "walking",
      "group" : "walking",
      "manual" : false,
      "startTime" : "20180618T222041+0100",
      "endTime" : "20180618T222353+0100",
      "duration" : 192.0,
      "distance" : 202.0,
      "steps" : 270,
      "trackPoints" : [ ]
    }, {
      "activity" : "walking",
      "group" : "walking",
      "manual" : false,
      "startTime" : "20180618T230549+0100",
      "endTime" : "20180618T230618+0100",
      "duration" : 29.0,
      "distance" : 14.0,
      "steps" : 0,
      "trackPoints" : [ ]
    } ],
    "lastUpdate" : "20180619T100046Z"
  } ],
  "lastUpdate" : "20180619T100046Z"
} ]